date,sp500_tr_return,cpi_index,treasury_10yr_yield
1871-02-01,0.018393393393393298,0.03053420190373963,0.053233333333333334
1871-03-01,0.029259259259259318,0.014817897616466978,0.05326666666666667
1871-04-01,0.03289949385394064,-0.03649761991431679,0.0533
1871-05-01,0.029887482419127975,-0.022725514277195085,0.05333333333333334
1871-06-01,-0.0037722908093278384,-0.015507047579678582,0.053366666666666666
1871-07-01,-0.014177040110650019,0.0,0.053399999999999996
1871-08-01,0.01726568005637752,-0.01574460125831675,0.05343333333333334
1871-09-01,0.014961725817675742,0.023998093571104752,0.053466666666666676
1871-10-01,-0.04717630853994492,0.015621571201425741,0.053500000000000006
1871-11-01,0.01561365286855465,0.0,0.053533333333333336
1871-12-01,0.026221264367816133,0.02308175871158014,0.053566666666666665
1872-01-01,0.029945499296765155,0.0,0.0536
1872-02-01,0.008688271604938125,0.0,0.05378333333333333
1872-03-01,0.03739754098360648,0.015034272994618049,0.05396666666666666
1872-04-01,0.03229662698412694,0.02222684642470033,0.05415000000000001
1872-05-01,0.004451415701415717,0.0,0.05433333333333334
1872-06-01,-0.005148005148005064,-0.007247851916770327,0.054516666666666665
1872-07-01,-0.0012459389213774763,-0.01460153358673533,0.054700000000000006
1872-08-01,-0.007080065359477028,0.007408948808233489,0.05488333333333333
1872-09-01,-0.013062169312169192,0.007354459990650558,0.05506666666666667
1872-10-01,0.008978114478114252,-0.02190230038010286,0.055249999999999994
1872-11-01,0.0009507042253522613,0.029857004248981592,0.05543333333333333
1872-12-01,0.02929292929292937,-0.014495703833540789,0.05561666666666667
1873-01-01,0.01286160420775806,0.0,0.0558
1873-02-01,0.01280169602087411,0.02205712099123863,0.05570833333333334
1873-03-01,-0.002791262135922401,0.0,0.055616666666666655
1873-04-01,-0.008643183300717672,0.0,0.05552499999999999
1873-05-01,0.007151124338624415,-0.021581103969851124,0.05543333333333333
1873-06-01,-0.00866336633663356,-0.029411580209080048,0.055341666666666664
1873-07-01,0.003304886211512592,0.0,0.05525
1873-08-01,0.005365526492286943,0.0,0.05515833333333333
1873-09-01,-0.07105130784708236,0.0,0.05506666666666667
1873-10-01,-0.08124546114742182,-0.022725514277195085,0.054975
1873-11-01,-0.02928599840891022,-0.031007496557159547,0.054883333333333326
1873-12-01,0.10086633663366329,0.023998093571104752,0.05479166666666666
1874-01-01,0.06052036199095023,0.015621571201425741,0.0547
1874-02-01,0.0359442060085835,0.0,0.05436666666666667
1874-03-01,-0.008854166666666607,0.0,0.05403333333333332
1874-04-01,-0.021670190274841628,-0.015381291264763373,0.0537
1874-05-01,-0.02010869565217377,-0.007814110682915787,0.053366666666666666
1874-06-01,0.0016741071428569843,-0.02362025232929177,0.053033333333333335
1874-07-01,0.006165919282511201,0.008066176187864914,0.0527
1874-08-01,0.00840807174887881,-0.00800163360144492,0.052366666666666666
1874-09-01,0.02181208053691286,0.0,0.052033333333333334
1874-10-01,0.0038546255506608507,-0.016132354070922894,0.051699999999999996
1874-11-01,0.01490066225165565,-0.008191459882277772,0.051366666666666665
1874-12-01,-0.000547045951860059,0.0,0.05103333333333333
1875-01-01,0.006011380323054372,0.0,0.0507
1875-02-01,0.0037628487518357456,0.0,0.050300000000000004
1875-03-01,0.01917770419426046,0.0,0.0499
1875-04-01,0.01888162672476401,0.008259114083959683,0.0495
1875-05-01,-0.033019713261648875,-0.024588334134290533,0.049100000000000005
1875-06-01,-0.014261744966442946,-0.016803056167815734,0.0487
1875-07-01,0.008228691019786849,0.0,0.0483
1875-08-01,0.010440394836750189,0.008541474394306027,0.0479
1875-09-01,-0.0032596371882086528,-0.008469135490373097,0.0475
1875-10-01,-0.010202135774218246,0.0,0.04710000000000001
1875-11-01,0.022141472868217216,-0.008548748871758667,0.0467
1875-12-01,0.005720823798627039,-0.008622461024015012,0.0463
1876-01-01,0.026315789473684292,-0.00869745448633155,0.045899999999999996
1876-02-01,0.01905829596412545,0.0,0.04578333333333333
1876-03-01,0.0033185840707965486,0.0,0.04566666666666666
1876-04-01,-0.032150776053215036,-0.008766297025473713,0.04555000000000001
1876-05-01,-0.031105990783410142,-0.035397897201961175,0.04543333333333333
1876-06-01,-0.0011961722488036397,-0.027528523497831137,0.045316666666666665
1876-07-01,-0.006024096385542244,0.0,0.0452
1876-08-01,-0.035365853658536506,0.00943593209920588,0.045083333333333336
1876-09-01,-0.054707379134860123,0.009347726594249666,0.04496666666666667
1876-10-01,0.0013550135501354532,0.0185144319626951,0.04485
1876-11-01,-0.012261580381471404,0.009092808627969752,0.04473333333333333
1876-12-01,0.001388888888888884,0.0180217489416714,0.044616666666666666
1877-01-01,-0.0016108007448789596,0.01769518214660338,0.044500000000000005
1877-02-01,-0.052542253521126736,-0.02608496152874393,0.04440833333333333
1877-03-01,-0.044099301397205526,-0.044644417500447946,0.044316666666666664
1877-04-01,-0.06563354363827545,0.028035226404979876,0.044225
1877-05-01,0.007205215419501254,0.018185617255939503,0.04413333333333333
1877-06-01,-0.06448412698412698,-0.053574821224353725,0.044041666666666666
1877-07-01,0.051153846153846105,0.00943593209920588,0.043949999999999996
1877-08-01,0.07680409356725137,-0.03738295496375429,0.04385833333333333
1877-09-01,0.06823770491803294,-0.00971074377551026,0.04376666666666667
1877-10-01,0.02696244855967067,0.0,0.043675000000000005
1877-11-01,-0.010090634441087709,-0.01960358858913494,0.043583333333333335
1877-12-01,0.0017893660531698163,0.0,0.043491666666666665
1878-01-01,0.0048512820512820465,-0.030006128935654044,0.0434
1878-02-01,-0.016710256410256363,-0.010302673900155815,0.0433
1878-03-01,0.023781446540880546,-0.020837582183756417,0.0432
1878-04-01,0.03257973251028812,-0.010640513614047605,0.043100000000000006
1878-05-01,0.007652652652652581,-0.032255702408703193,0.043
1878-06-01,0.025573852295409427,-0.022217388040264636,0.0429
1878-07-01,0.025029325513196587,0.011356271640587466,0.04279999999999999
1878-08-01,-0.004231321839080371,0.011238319290541334,0.042699999999999995
1878-09-01,0.024698067632850096,0.0,0.0426
1878-10-01,-0.007062026515151532,-0.011113423093406754,0.0425
1878-11-01,0.0014559386973180821,-0.01122875485032165,0.04239999999999999
1878-12-01,-0.0014409221902016434,-0.022731889394376963,0.0423
1879-01-01,0.04207004830917871,0.011630323934488146,0.042199999999999994
1879-02-01,0.04057960893854751,0.011496614582740695,0.04203333333333333
1879-03-01,-0.012017070979335132,-0.011365944697188376,0.041866666666666656
1879-04-01,0.03713926940639278,-0.01149661458274091,0.0417
1879-05-01,0.04925508399646339,0.0,0.041533333333333325
1879-06-01,0.009094754653130144,-0.011626364760107024,0.04136666666666667
1879-07-01,0.024236111111111125,0.011763127167273268,0.041199999999999994
1879-08-01,0.011412953795379543,0.0,0.041033333333333324
1879-09-01,0.04084766584766575,0.03488107374529969,0.04086666666666666
1879-10-01,0.11288902053712468,0.05618203201248719,0.04069999999999999
1879-11-01,0.05694978632478631,0.053193512507999,0.04053333333333333
1879-12-01,0.0013522650439485862,0.030300685286314223,0.04036666666666667
1880-01-01,0.04209010840108407,0.029417901128846947,0.04019999999999999
1880-02-01,0.021037181996086174,0.0,0.039933333333333335
1880-03-01,0.022676282051282026,0.009517633100136874,0.03966666666666666
1880-04-01,-0.01918238993710686,-0.03773569788930685,0.0394
1880-05-01,-0.07553088803088814,-0.029409555597736836,0.03913333333333333
1880-06-01,0.008211041229909233,-0.02020618916387852,0.03886666666666667
1880-07-01,0.050017397355601956,0.0,0.0386
1880-08-01,0.03992015968063867,0.0,0.03833333333333334
1880-09-01,0.00200706486833635,0.010311449630648208,0.038066666666666665
1880-10-01,0.032979407979407904,0.0,0.0378
1880-11-01,0.05651969981238292,0.010206208929702577,0.037533333333333335
1880-12-01,0.044860368389780136,0.010103094528857525,0.03726666666666667
1881-01-01,0.06371289954337911,-0.010002042943517475,0.037000000000000005
1881-02-01,0.0004038772213246222,0.010103094528857525,0.03693333333333334
1881-03-01,0.015059427336574727,0.0,0.03686666666666667
1881-04-01,0.0005341880341880323,0.009993530538725742,0.0368
1881-05-01,0.048834405144694504,-0.009894648071057683,0.03673333333333334
1881-06-01,0.01602564102564097,0.0,0.03666666666666667
1881-07-01,-0.031218338399189527,0.009993530538725742,0.0366
1881-08-01,-0.019685039370078594,0.01980615260126139,0.036533333333333334
1881-09-01,0.012163978494623695,0.038834711224489796,0.03646666666666667
1881-10-01,-0.011866666666666692,0.009347726594249666,0.0364
1881-11-01,0.010772357723577208,-0.009261155841496617,0.036333333333333336
1881-12-01,-0.024771136241249492,0.0,0.03626666666666667
1882-01-01,-0.010537992235163607,0.0,0.0362
1882-02-01,-0.01745495495495497,0.009347726594249666,0.036208333333333335
1882-03-01,0.0028785261945882823,0.0,0.03621666666666667
1882-04-01,0.0046136101499423265,0.009261156814661933,0.036225
1882-05-01,-0.007497116493656364,0.009168365477610881,0.03623333333333333
1882-06-01,-0.0005837711617047159,0.009092808627969752,0.036241666666666665
1882-07-01,0.06103286384976525,-0.009010874470835784,0.03625
1882-08-01,0.03444444444444428,0.009092808627969752,0.03625833333333334
1882-09-01,0.014023732470334505,-0.027024954747562228,0.03626666666666667
1882-10-01,-0.0229700854700855,-0.009261155841496617,0.036275
1882-11-01,-0.038440417353102885,-0.009347727576512038,0.036283333333333334
1882-12-01,0.009753298909925379,-0.009427901789995573,0.036291666666666667
1883-01-01,-0.0005593607305935944,0.0,0.0363
1883-02-01,-0.017761044176706764,0.009517633100136874,0.036291666666666667
1883-03-01,0.017055457746478986,-0.009427901789995573,0.036283333333333334
1883-04-01,0.02555507246376809,-0.009525739838883926,0.036275
1883-05-01,-0.012433276547416328,-0.00961735213314624,0.03626666666666667
1883-06-01,0.013359329867129066,-0.029123966938775593,0.03625833333333334
1883-07-01,-0.010798969072164932,-0.02000408599213657,0.03625
1883-08-01,-0.04062390924956383,0.0,0.036241666666666665
1883-09-01,0.01595825716026833,-0.010206208822455579,0.03623333333333333
1883-10-01,-0.02217751657625089,0.0,0.036225
1883-11-01,0.01996902106567533,-0.010302673900155815,0.03621666666666667
1883-12-01,-0.016941391941391992,0.010409923951958262,0.036208333333333335
1884-01-01,-0.024839263420724178,0.0,0.0362
1884-02-01,0.03228281853281856,0.0,0.036116666666666665
1884-03-01,0.0013314536340851557,0.0,0.036033333333333334
1884-04-01,-0.04019968553459119,-0.020614123639157086,0.035949999999999996
1884-05-01,-0.07572957839262173,-0.021056970249485163,0.03586666666666667
1884-06-01,-0.03512544802867401,0.0,0.035783333333333334
1884-07-01,0.005947309417040358,-0.010745798757975163,0.035699999999999996
1884-08-01,0.06869768310911817,0.0,0.035616666666666665
1884-09-01,-0.02610759493670889,-0.010871777761328683,0.03553333333333333
1884-10-01,-0.02699164851125624,-0.010991272432529361,0.03545
1884-11-01,-0.014420045045045238,-0.022217388040264636,0.03536666666666667
1884-12-01,0.0036398467432949833,-0.011365944697188376,0.03528333333333333
1885-01-01,-0.017200460829492892,0.0,0.0352
1885-02-01,0.03652319182389929,0.011496614582740695,0.035074999999999995
1885-03-01,0.007866132723111985,-0.022731889394376963,0.03495
1885-04-01,0.0031716133942161218,0.011630323934488146,0.034825
1885-05-01,-0.006086956521739184,-0.022989315508202622,0.034699999999999995
1885-06-01,0.0006751543209875255,-0.023529258644535894,0.034575
1885-07-01,0.042426356589147396,0.012047599693162568,0.03445
1885-08-01,0.06097346786248137,0.0,0.034325
1885-09-01,-0.008182944090587285,-0.011904182863350713,0.0342
1885-10-01,0.0625752688172041,0.0,0.034075
1885-11-01,0.06920392953929544,0.012047599693162568,0.03395000000000001
1885-12-01,-0.003816793893129833,0.023808365726701648,0.033825
1886-01-01,0.003818910256410346,-0.0232547091074045,0.0337
1886-02-01,0.023024038461538332,0.0,0.033825
1886-03-01,-0.017059748427672883,-0.011904182863350713,0.03395000000000001
1886-04-01,-0.00974149004495839,-0.012048625260669061,0.034075
1886-05-01,-0.015760091145833544,-0.02439009190463494,0.0342
1886-06-01,0.049634794156706574,-0.012500452232648635,0.034325
1886-07-01,0.018861904761904746,0.012658691602351663,0.03445
1886-08-01,0.011049093183239656,0.012499388206060863,0.034575
1886-09-01,0.029562383612662835,0.0,0.034699999999999995
1886-10-01,0.028785541439806384,0.0,0.034825
1886-11-01,0.028048672566371557,0.0,0.03495
1886-12-01,-0.022740356937248185,0.012346132992158454,0.035074999999999995
1887-01-01,-0.007350768321512935,0.024390092032808165,0.0352
1887-02-01,-0.0038082437275985814,0.011905196222313959,0.035324999999999995
1887-03-01,0.026887785800240538,0.0,0.03545
1887-04-01,0.02630805408583181,0.0,0.035575
1887-05-01,0.020581896551724155,0.0,0.0357
1887-06-01,-0.025494350282485922,-0.011765130040599581,0.035825
1887-07-01,-0.020978766724840114,-0.011904182863350713,0.035949999999999996
1887-08-01,-0.02146690518783545,0.012047599693162568,0.036074999999999996
1887-09-01,-0.009136085626911372,-0.011904182863350713,0.0362
1887-10-01,-0.029662329615861127,0.012047599693162568,0.036324999999999996
1887-11-01,0.02319711538461533,0.011905196222313959,0.03645
1887-12-01,-0.0017295597484278113,0.02353026008119938,0.036574999999999996
1888-01-01,0.011516445287792498,0.011496614582740695,0.036699999999999997
1888-02-01,-0.0017780916509728684,-0.011365944697188376,0.03651666666666666
1888-03-01,-0.03401199494949492,0.0,0.036333333333333336
1888-04-01,0.007928149606299062,-0.01149661458274091,0.03615
1888-05-01,0.01767483660130731,-0.011626364760107024,0.03596666666666667
1888-06-01,-0.027079303675048516,-0.011765130040599581,0.035783333333333334
1888-07-01,0.02991184298070526,0.011905196222313959,0.03560000000000001
1888-08-01,0.025238326848249226,0.0,0.03541666666666667
1888-09-01,0.02849206349206357,0.0,0.03523333333333333
1888-10-01,-0.0019625154894672425,0.011763127167273268,0.03505
1888-11-01,-0.016951713395638612,0.011630323934488146,0.03486666666666667
1888-12-01,-0.015426208651399542,0.0,0.03468333333333333
1889-01-01,0.02317120622568103,-0.034483973262303826,0.0345
1889-02-01,0.01508110687022901,-0.011904182863350713,0.034475000000000006
1889-03-01,-0.017177672955974832,-0.012048625260669061,0.03445
1889-04-01,0.001713230571611879,0.0,0.034425
1889-05-01,0.030659588159588358,-0.02439009190463494,0.03440000000000001
1889-06-01,0.020441729323308122,0.0,0.034375
1889-07-01,-0.016879235982747987,0.0,0.034350000000000006
1889-08-01,0.016718553459119434,0.0,0.034325
1889-09-01,0.027661390440720135,0.012499388206060863,0.0343
1889-10-01,-0.014822727272727265,0.0,0.034275
1889-11-01,-0.005851851851851997,0.0,0.03425
1889-12-01,-0.00218068535825533,0.012346132992158454,0.034225
1890-01-01,0.014724310776942362,-0.02439009190463494,0.0342
1890-02-01,-0.007744733581164676,0.0,0.03436666666666666
1890-03-01,-0.004072681704260672,0.0,0.03453333333333333
1890-04-01,0.02430555555555558,0.0,0.034699999999999995
1890-05-01,0.0460729746444033,0.012499388206060863,0.034866666666666664
1890-06-01,-0.0038552787663107546,0.0,0.03503333333333333
1890-07-01,-0.0038829151732376888,0.0,0.035199999999999995
1890-08-01,-0.020156438026474044,0.03703734834489465,0.03536666666666667
1890-09-01,-0.013247073321010383,0.011905196222313959,0.03553333333333333
1890-10-01,-0.04166666666666663,0.0,0.035699999999999996
1890-11-01,-0.06922572178477693,-0.023529258644535894,0.03586666666666667
1890-12-01,-0.019462137296532234,0.0,0.036033333333333334
1891-01-01,0.05615942028985521,-0.012048625260669061,0.0362
1891-02-01,0.016184573002755,0.012195565053844951,0.03618333333333333
1891-03-01,-0.014625850340136193,0.012047599693162568,0.03616666666666667
1891-04-01,0.037075537075537124,0.011905196222313959,0.036149999999999995
1891-05-01,-0.00033534540576785066,-0.011765130040599581,0.03613333333333333
1891-06-01,-0.016498316498316568,-0.023809379085664783,0.036116666666666665
1891-07-01,-0.01271477663230236,-0.01219556492567161,0.0361
1891-08-01,0.03738644304682048,0.0,0.036083333333333335
1891-09-01,0.08485463150777561,-0.012345082230822074,0.036066666666666664
1891-10-01,0.0034396497811133298,0.0,0.03605
1891-11-01,-0.01156973108192616,-0.012500452232648635,0.036033333333333334
1891-12-01,0.03396825396825398,0.0,0.03601666666666667
1892-01-01,0.02189926062846559,-0.02531630570893124,0.036000000000000004
1892-02-01,0.005192075015123976,0.0,0.036125000000000004
1892-03-01,0.014266304347826164,-0.025973867957547195,0.03625
1892-04-01,0.0015934886499402445,-0.013333817606146386,0.036375
1892-05-01,0.003415619389587121,0.0,0.0365
1892-06-01,-0.001944943147815681,0.0,0.036625
1892-07-01,0.003485258724428286,0.027028021926921265,0.03675
1892-08-01,0.01794975932611309,0.01315724618334779,0.036875
1892-09-01,-0.021426453143534974,0.0,0.037000000000000005
1892-10-01,0.023672445255474406,0.0,0.037125
1892-11-01,-2.5342874179989927e-05,0.0259738680940435,0.03725
1892-12-01,-0.007181328545781129,0.012658691602351663,0.037375
1893-01-01,0.021790683605565686,0.03750029253998071,0.0375
1893-02-01,-0.014234997029114793,0.012047599693162568,0.03745833333333334
1893-03-01,-0.03263006654567446,-0.023809379085664783,0.03741666666666667
1893-04-01,0.0038182674199622735,-0.01219556492567161,0.037375000000000005
1893-05-01,-0.08467984934086636,-0.012345082230822074,0.037333333333333336
1893-06-01,-0.043302341597796,-0.024999840438709498,0.03729166666666667
1893-07-01,-0.08883224873463502,-0.02564085765748076,0.037250000000000005
1893-08-01,-0.019005183413077997,-0.03947397902014113,0.037208333333333336
1893-09-01,0.07613357843137258,0.04109620994949481,0.03716666666666667
1893-10-01,0.03448321891685735,0.01315724618334779,0.037125000000000005
1893-11-01,0.020170370370370394,-0.025973867957547195,0.037083333333333336
1893-12-01,-0.030452224653537696,-0.013333817606146386,0.03704166666666667
1894-01-01,-0.015746409674980977,-0.027026871627179705,0.037000000000000005
1894-02-01,0.018582175925925704,-0.0138882156862006,0.036800000000000006
1894-03-01,0.03424657534246567,-0.02816882824098793,0.0366
1894-04-01,0.01767738359201787,0.0,0.0364
1894-05-01,-0.03294493070751281,0.0,0.0362
1894-06-01,-0.009280303030303028,0.0,0.036000000000000004
1894-07-01,-0.016384408602150513,0.0,0.0358
1894-08-01,0.042025490196078374,0.02898531047321977,0.03559999999999999
1894-09-01,0.020030234315948636,0.014083814743036382,0.0354
1894-10-01,-0.027219122023809605,-0.027777613624724664,0.0352
1894-11-01,0.004095622119815845,0.0,0.035
1894-12-01,-0.005184331797234987,-0.014285019286590131,0.034800000000000005
1895-01-01,-0.007591085271317799,0.0,0.0346
1895-02-01,-0.010064705882352865,0.0,0.034716666666666667
1895-03-01,0.004077167859984021,0.0,0.034833333333333334
1895-04-01,0.04700278440731909,0.04347734895923037,0.03495
1895-05-01,0.05876620900076279,0.013889397938523933,0.03506666666666667
1895-06-01,0.023138105567606537,0.013697959278831218,0.03518333333333333
1895-07-01,0.007771276595744503,-0.013512860663719074,0.0353
1895-08-01,0.018303319209039604,-0.013699125335331795,0.03541666666666667
1895-09-01,0.009655532359081453,0.0,0.03553333333333333
1895-10-01,-0.01118084370677741,0.0,0.035649999999999994
1895-11-01,-0.030321052631578915,0.0,0.03576666666666667
1895-12-01,-0.055374001452432764,-0.0138882156862006,0.035883333333333337
1896-01-01,-0.00792438271604945,-0.014085013645982547,0.036000000000000004
1896-02-01,0.045829430132709126,-0.014285019286590131,0.035833333333333335
1896-03-01,-0.012219101123595588,0.0,0.035666666666666666
1896-04-01,0.0126845509893454,-0.014493272139530753,0.0355
1896-05-01,-0.0010218702865760765,-0.014706416232180965,0.035333333333333335
1896-06-01,-0.014678030303030276,-0.014924652589135178,0.035166666666666666
1896-07-01,-0.06126157407407418,0.0,0.035
1896-08-01,-0.05314975247524756,0.0,0.034833333333333334
1896-09-01,0.05648512685914264,0.0,0.034666666666666665
1896-10-01,0.026219866999168673,0.03030283494260994,0.034499999999999996
1896-11-01,0.07196747967479689,0.029411580513657797,0.034333333333333334
1896-12-01,-0.033105022831050324,0.0,0.034166666666666665
1897-01-01,0.0035545023696681444,-0.028571254754081888,0.034
1897-02-01,-0.005924170616113833,0.0,0.03395833333333333
1897-03-01,0.005980861244019309,0.0,0.033916666666666664
1897-04-01,-0.027446300715990746,-0.014706416232180965,0.033874999999999995
1897-05-01,0.008620689655172376,-0.014924652589135178,0.03383333333333333
1897-06-01,0.05024509803921551,0.0,0.033791666666666664
1897-07-01,0.04800936768149877,0.0,0.03375
1897-08-01,0.06838565022421528,0.045454897278472,0.03370833333333333
1897-09-01,0.05157894736842117,0.02898531047321977,0.033666666666666664
1897-10-01,-0.029116465863453955,-0.014085013645982547,0.033625
1897-11-01,-0.032157676348547715,0.0,0.03358333333333333
1897-12-01,0.02473118279569886,0.0,0.033541666666666664
1898-01-01,0.03055614035087717,0.0,0.0335
1898-02-01,0.0010809426229507757,0.01428623546749189,0.033291666666666664
1898-03-01,-0.04200889801505814,0.0,0.03308333333333333
1898-04-01,-0.013858422939068249,0.0,0.032875
1898-05-01,0.06907913931436904,0.07042267042402,0.03266666666666666
1898-06-01,0.042265571526351575,-0.06578959169103164,0.03245833333333334
1898-07-01,0.007109683794466415,-0.014085013645982547,0.03225
1898-08-01,0.040572506561679766,0.0,0.03204166666666666
1898-09-01,0.0011859582542694813,0.0,0.03183333333333334
1898-10-01,-0.01779626108998733,0.0,0.031625
1898-11-01,0.036218446601941734,0.0,0.03141666666666667
1898-12-01,0.06516290726817053,0.01428623546749189,0.031208333333333334
1899-01-01,0.07906784660766952,0.0,0.031
1899-02-01,0.040593475877192864,0.0281688283890188,0.03104166666666667
1899-03-01,0.016937400950871817,0.0,0.031083333333333334
1899-04-01,0.01514713541666679,0.013697959278831218,0.031125000000000003
1899-05-01,-0.03904063786008238,0.0,0.031166666666666672
1899-06-01,-0.019793344068706364,0.013514010963460632,0.031208333333333334
1899-07-01,0.03742174629324557,0.013333817606146386,0.03125
1899-08-01,0.028220541401273946,0.01315724618334779,0.03129166666666667
1899-09-01,-0.008184523809523836,0.03896135488231782,0.03133333333333334
1899-10-01,-0.001984563055991706,0.012499388206060863,0.031375
1899-11-01,0.02167718191377488,0.012346132992158454,0.03141666666666667
1899-12-01,-0.06540247678018585,0.012195565053844951,0.03145833333333333
1900-01-01,0.016299833887043258,0.0,0.0315
1900-02-01,0.02110655737704925,0.012047599693162568,0.03145833333333333
1900-03-01,0.011171497584541168,0.0,0.03141666666666667
1900-04-01,0.015974440894568565,0.0,0.031375
1900-05-01,-0.04406545741324919,-0.023809379085664783,0.03133333333333334
1900-06-01,-0.026283112582781376,-0.01219556492567161,0.03129166666666667
1900-07-01,0.0037329351535835276,0.012346132992158454,0.03125
1900-08-01,0.017491467576791875,-0.01219556492567161,0.031208333333333334
1900-09-01,-0.01967592592592593,0.012346132992158454,0.031166666666666672
1900-10-01,0.04030172413793087,-0.01219556492567161,0.031125000000000003
1900-11-01,0.08225873544093187,0.0,0.031083333333333334
1900-12-01,0.0640432098765431,-0.012345082230822074,0.03104166666666667
1901-01-01,0.032771712760795824,0.012499388206060863,0.031
1901-02-01,0.029034653465346505,-0.012345082230822074,0.03106666666666667
1901-03-01,0.039367816091953944,0.0,0.031133333333333332
1901-04-01,0.08729138925876612,-0.012500452232648635,0.031200000000000002
1901-05-01,-0.04721232596232594,0.0,0.03126666666666667
1901-06-01,0.10295385942216462,0.0,0.03133333333333333
1901-07-01,-0.06400294117647065,0.012658691602351663,0.031400000000000004
1901-08-01,0.017163724253888013,0.012499388206060863,0.03146666666666667
1901-09-01,-0.0017101990049751548,0.012346132992158454,0.03153333333333333
1901-10-01,-0.007951041666666603,0.0,0.0316
1901-11-01,0.024845132743362752,0.012195565053844951,0.03166666666666666
1901-12-01,-0.012788778877887763,0.012047599693162568,0.031733333333333336
1902-01-01,0.024746331236896957,-0.011904182863350713,0.0318
1902-02-01,0.011922208538587942,0.0,0.031900000000000005
1902-03-01,0.0045024420024419864,0.0,0.032
1902-04-01,0.037431910569105886,0.012047599693162568,0.0321
1902-05-01,0.0008274371069183495,0.011905196222313959,0.0322
1902-06-01,-0.0027088258471237303,0.011763127167273268,0.0323
1902-07-01,0.025820451843044046,0.0,0.0324
1902-08-01,0.029909883720930175,-0.011626364760107024,0.0325
1902-09-01,0.005355794639486655,0.011763127167273268,0.0326
1902-10-01,-0.028547080979284267,0.06977204554876391,0.0327
1902-11-01,-0.03530532866588887,-0.032615333283985845,0.0328
1902-12-01,-0.019720873786407744,0.011238319290541334,0.0329
1903-01-01,0.05436542443064174,0.01111342309340696,0.033
1903-02-01,-0.0026270685579197206,0.0,0.03308333333333333
1903-03-01,-0.03591954022988508,-0.032964463108104226,0.033166666666666664
1903-04-01,-0.03736901815181526,0.0,0.03325
1903-05-01,-0.01571720430107537,-0.022731889394376963,0.03333333333333333
1903-06-01,-0.05153508771929827,0.0,0.03341666666666667
1903-07-01,-0.04199512534818939,0.0,0.033499999999999995
1903-08-01,-0.02794038929440379,0.0,0.03358333333333333
1903-09-01,-0.019796380090497778,0.011630323934488146,0.033666666666666664
1903-10-01,-0.02799201442555388,-0.01149661458274091,0.033749999999999995
1903-11-01,0.007831469648562406,-0.011626364760107024,0.03383333333333333
1903-12-01,0.05082271762208079,0.0,0.033916666666666664
1904-01-01,0.02114028411973612,0.02353026008119938,0.034
1904-02-01,-0.02266342315369252,0.022983444901476906,0.03406666666666667
1904-03-01,0.0012820512820512775,-0.01122875485032165,0.034133333333333335
1904-04-01,0.029021347736625458,-0.011365944697188376,0.0342
1904-05-01,-0.016901355421686692,-0.022989315508202622,0.03426666666666667
1904-06-01,0.005769230769230749,0.0,0.034333333333333334
1904-07-01,0.04565668202764983,0.0,0.0344
1904-08-01,0.03789700098328419,0.011763127167273268,0.034466666666666666
1904-09-01,0.04802662862577267,0.011630323934488146,0.03453333333333333
1904-10-01,0.062348588342440836,0.0,0.0346
1904-11-01,0.05756236559139771,0.022983444901476906,0.034666666666666665
1904-12-01,0.012953896368828932,0.0,0.03473333333333333
1905-01-01,0.024966666666666804,0.0,0.0348
1905-02-01,0.04698793989719263,0.0,0.03475833333333333
1905-03-01,0.031392045454545325,-0.01122875485032165,0.034716666666666667
1905-04-01,-0.009238489871086664,0.0,0.034675
1905-05-01,-0.04625000000000001,-0.011365944697188376,0.03463333333333333
1905-06-01,0.014901960784313717,0.0,0.034591666666666666
1905-07-01,0.03451259689922481,0.0,0.03455
1905-08-01,0.04024145058248796,0.011496614582740695,0.034508333333333335
1905-09-01,0.006204710144927628,-0.011365944697188376,0.034466666666666666
1905-10-01,0.017034127843986946,0.0,0.034425000000000004
1905-11-01,-0.0024189814814813415,0.011496614582740695,0.03438333333333334
1905-12-01,0.027658431793770033,0.011356271640587466,0.03434166666666667
1906-01-01,0.03752445842068486,0.0,0.034300000000000004
1906-02-01,-0.0042071935157039775,0.0,0.0345
1906-03-01,-0.021534863945578242,0.0,0.03470000000000001
1906-04-01,-0.010518654114365478,0.0,0.0349
1906-05-01,-0.023336868151290102,0.011238319290541334,0.0351
1906-06-01,0.016385257806826647,0.0,0.035300000000000005
1906-07-01,-0.022483870967741848,-0.03333081113367139,0.0355
1906-08-01,0.07741629874908007,0.022983444901476906,0.0357
1906-09-01,0.034108427543679154,0.011238319290541334,0.0359
1906-10-01,-0.02668411432369555,0.02222684618681392,0.0361
1906-11-01,0.02393114080164427,0.010862525268514034,0.036300000000000006
1906-12-01,-0.0057066129573682955,0.010754951825363814,0.0365
1907-01-01,-0.025039803523035142,-0.010640513614047605,0.036699999999999997
1907-02-01,-0.027835599721059978,0.02150990365072783,0.036866666666666666
1907-03-01,-0.09458243340532768,-0.010528485124742679,0.037033333333333335
1907-04-01,0.008915169660678623,0.0,0.0372
1907-05-01,-0.030426102502979835,0.021281027339906486,0.037366666666666666
1907-06-01,-0.02777777777777779,0.010409923951958262,0.03753333333333333
1907-07-01,0.04276466836734705,0.0,0.0377
1907-08-01,-0.07057022932022938,0.0,0.037866666666666667
1907-09-01,-0.005865427180168137,0.0,0.038033333333333336
1907-10-01,-0.10387807606263999,0.010311449630648208,0.0382
1907-11-01,-0.053254267068273076,-0.04081614923351509,0.03836666666666667
1907-12-01,0.05706666666666682,-0.021271971554044717,0.03853333333333333
1908-01-01,0.04815702688990342,-0.010871777761328683,0.0387
1908-02-01,-0.031225060827250628,-0.010991272432529361,0.038608333333333335
1908-03-01,0.046338383838383956,0.0,0.038516666666666664
1908-04-01,0.059033236293061675,0.01111342309340696,0.038425
1908-05-01,0.058739640883977984,0.0,0.03833333333333333
1908-06-01,0.00589777195281771,0.0,0.03824166666666666
1908-07-01,0.04119437172774876,0.010991272432529361,0.038149999999999996
1908-08-01,0.04727798821548812,0.0,0.03805833333333333
1908-09-01,-0.006759483454398807,0.0,0.03796666666666666
1908-10-01,0.016388208894328793,0.010862525268514034,0.037875
1908-11-01,0.07177851672712632,0.010754951825363814,0.03778333333333333
1908-12-01,0.026425066062665037,0.010640513614047803,0.03769166666666667
1909-01-01,0.007044112218530962,-0.010528485124742679,0.037599999999999995
1909-02-01,-0.02495676968359073,0.010640513614047803,0.037725
1909-03-01,0.017518939393939226,0.0,0.037849999999999995
1909-04-01,0.04870422272047836,0.021048009917964204,0.037975
1909-05-01,0.036987660944206135,0.010311449630648208,0.038099999999999995
1909-06-01,0.021287642782969796,0.010206208929702577,0.038224999999999995
1909-07-01,0.017885204081632633,0.0,0.03835
1909-08-01,0.027722166331321185,0.010103094528857525,0.038474999999999995
1909-09-01,0.0045022920759658636,0.009993530538725742,0.0386
1909-10-01,0.007468923781485115,0.01980615260126139,0.038724999999999996
1909-11-01,-0.0013302378624959754,0.009710743775510077,0.038849999999999996
1909-12-01,0.015389652914211016,0.009617352234205881,0.038975
1910-01-01,-0.017779126213592233,-0.009525739838883926,0.0391
1910-02-01,-0.03203538359788349,0.0,0.03915833333333334
1910-03-01,0.028527949245541917,0.01922651976430271,0.03921666666666667
1910-04-01,-0.02033132530120485,0.00943593209920588,0.039275
1910-05-01,-0.012581447187928751,-0.01868749990895662,0.03933333333333334
1910-06-01,-0.04415097629009779,-0.009525739838883926,0.039391666666666665
1910-07-01,-0.046359890109889945,0.0,0.039450000000000006
1910-08-01,0.028742283950617287,-0.00961735213314624,0.03950833333333334
1910-09-01,0.011134651600753331,-0.00971074377551026,0.03956666666666667
1910-10-01,0.05036475869809198,-0.029409555597736836,0.039625
1910-11-01,0.0031071173104435523,-0.02020618916387852,0.039683333333333334
1910-12-01,-0.023720014321518046,0.0,0.03974166666666667
1911-01-01,0.028637200736648216,0.0,0.0398
1911-02-01,0.021485077310320122,-0.030925573269805294,0.039825
1911-03-01,-0.00751148815835978,0.010640513614047803,0.03985
1911-04-01,-8.941344778268245e-05,-0.03157649504270669,0.039875
1911-05-01,0.02577227011494254,0.0,0.039900000000000005
1911-06-01,0.024173699015471062,0.0,0.039924999999999995
1911-07-01,-8.617718028258725e-05,0.010862525268514034,0.03995
1911-08-01,-0.043700242298373215,0.032264855589105246,0.039975000000000004
1911-09-01,-0.05025445292620867,0.010409923951958262,0.04
1911-10-01,0.01028450595924646,0.0,0.040025
1911-11-01,0.0446292048929664,-0.010302673900155815,0.04005
1911-12-01,0.008728408673281729,-0.010418791146618714,0.040075
1912-01-01,0.005404317599707387,0.010528485235376358,0.0401
1912-02-01,-0.004461805555555642,0.010409923951958262,0.04046666666666667
1912-03-01,0.03311670353982321,0.020622899369649283,0.04083333333333333
1912-04-01,0.03542383512544789,0.030300685286314223,0.0412
1912-05-01,0.0030778588807787166,0.0,0.04156666666666666
1912-06-01,0.004131871955462829,-0.009805967111643332,0.041933333333333336
1912-07-01,0.005182672233820407,0.0,0.042300000000000004
1912-08-01,0.02708289885297188,0.009903076352661624,0.042666666666666665
1912-09-01,0.009153075093441876,0.0098059670086019,0.04303333333333334
1912-10-01,0.0020140297498310034,0.0,0.0434
1912-11-01,-0.007120596205961949,0.0,0.04376666666666667
1912-12-01,-0.031860226104830525,-0.00971074377551026,0.04413333333333333
1913-01-01,-0.004264392324093924,0.0098059670086019,0.044500000000000005
1913-02-01,-0.031182795698924792,0.0,0.04425833333333333
1913-03-01,-0.01449275362318847,0.0,0.044016666666666676
1913-04-01,0.003409090909090695,0.0,0.043775
1913-05-01,-0.022753128555176305,-0.010204081632653206,0.043533333333333334
1913-06-01,-0.04561403508771955,0.010309278350515611,0.04329166666666667
1913-07-01,0.018472906403940836,0.010204081632653024,0.04305
1913-08-01,0.03159173754556477,0.0,0.04280833333333334
1913-09-01,0.014201183431952646,0.010101010101010065,0.04256666666666667
1913-10-01,-0.02696365767878084,0.0,0.042325
1913-11-01,-0.020581113801452777,0.009999999999999964,0.04208333333333334
1913-12-01,0.003726708074533791,-0.009900990099009866,0.04184166666666667
1914-01-01,0.045968076285240356,0.0,0.0416
1914-02-01,0.017821585025886266,-0.009999999999999964,0.04166666666666667
1914-03-01,-0.014298349056603765,0.0,0.04173333333333334
1914-04-01,-0.019431089743589758,-0.010101010101010065,0.0418
1914-05-01,0.010827175697865288,0.010204081632653024,0.04186666666666666
1914-06-01,-0.0003059975520195435,0.0,0.041933333333333336
1914-07-01,-0.05078925789257904,0.010101010101010065,0.042
1914-08-01,0.00477430555555558,0.019999999999999928,0.04206666666666667
1914-09-01,0.004720052083333259,0.0,0.04213333333333333
1914-10-01,0.0046657986111111605,-0.009803921568627416,0.04220000000000001
1914-11-01,0.0046115451388888395,0.009900990099009866,0.04226666666666667
1914-12-01,-0.03841145833333337,-0.009803921568627416,0.042333333333333334
1915-01-01,0.022458049886621367,0.0,0.0424
1915-02-01,-0.008670900178253116,-0.009900990099009866,0.04224166666666667
1915-03-01,0.03051603432700989,-0.009999999999999964,0.04208333333333334
1915-04-01,0.07995706737120223,0.010101010101010065,0.041925
1915-05-01,-0.018998771498771494,0.009999999999999964,0.04176666666666667
1915-06-01,0.015775681341718917,0.0,0.04160833333333333
1915-07-01,0.0006820066334993768,0.0,0.041449999999999994
1915-08-01,0.046886183936745596,0.0,0.041291666666666664
1915-09-01,0.04139221556886219,0.0,0.041133333333333334
1915-10-01,0.05954869130100082,0.009900990099009866,0.040975000000000004
1915-11-01,0.03892414296134228,0.009803921568627591,0.04081666666666667
1915-12-01,0.005902043692741277,0.0,0.04065833333333333
1916-01-01,-0.01194796061884662,0.009708737864077634,0.0405
1916-02-01,-0.009899071096820311,0.0,0.04064999999999999
1916-03-01,0.0009284420289856765,0.009615384615384581,0.0408
1916-04-01,-0.006603962195565138,0.00952380952380949,0.04095
1916-05-01,0.026499448732083764,0.00943396226415091,0.0411
1916-06-01,0.014158576051779947,0.009345794392523497,0.04125
1916-07-01,-0.009385683760683716,0.0,0.041400000000000006
1916-08-01,0.012249006861682954,0.009259259259259226,0.041550000000000004
1916-09-01,0.04558691756272393,0.018348623853210944,0.0417
1916-10-01,0.03562586088154274,0.018018018018018115,0.041850000000000005
1916-11-01,0.02763193052772217,0.017699115044247725,0.042
1916-12-01,-0.03558602677113942,0.008695652173913012,0.04215
1917-01-01,-0.018615646258503427,0.008620689655172384,0.042300000000000004
1917-02-01,-0.051361024033437896,0.025641025641025703,0.04258333333333333
1917-03-01,0.036475636766334585,0.0,0.04286666666666667
1917-04-01,-0.009637486573576992,0.04999999999999997,0.043150000000000015
1917-05-01,-0.0282242820792441,0.01587301587301596,0.04343333333333334
1917-06-01,0.026194507148231683,0.015624999999999944,0.04371666666666667
1917-07-01,-0.021793879056047127,-0.01538461538461533,0.044000000000000004
1917-08-01,-0.0234480470231323,0.015624999999999944,0.044283333333333334
1917-09-01,-0.04164224306369679,0.02307692307692313,0.04456666666666667
1917-10-01,-0.04732861247947451,0.015037593984962351,0.04485
1917-11-01,-0.07596354166666652,0.0,0.04513333333333334
1917-12-01,-0.025923295454545414,0.014814814814814762,0.04541666666666667
1918-01-01,0.06862745098039214,0.021897810218978155,0.045700000000000005
1918-02-01,0.03825705039297267,0.0071428571428571175,0.04564166666666667
1918-03-01,-0.012786002691789977,-0.007092198581560258,0.04558333333333334
1918-04-01,-0.002174908424908528,0.014285714285714235,0.045525
1918-05-01,0.0392972723069811,0.021126760563380333,0.04546666666666667
1918-06-01,0.008400537634408511,0.013793103448275813,0.045408333333333335
1918-07-01,0.014988814317673294,0.027210884353741523,0.04535
1918-08-01,0.01608965823346642,0.019867549668874218,0.04529166666666667
1918-09-01,0.0013192612137202797,0.01948051948051941,0.045233333333333334
1918-10-01,0.048961096374889435,0.019108280254777118,0.045175
1918-11-01,0.03159457167090762,0.018750000000000044,0.045116666666666666
1918-12-01,-0.013957816377171195,0.012269938650306704,0.04505833333333333
1919-01-01,-0.0003512658227848853,0.0,0.045
1919-02-01,0.009801486199575438,-0.018181818181818226,0.045391666666666663
1919-03-01,0.03637901861252102,0.012345679012345635,0.04578333333333333
1919-04-01,0.03896449096880139,0.018292682926829312,0.046174999999999994
1919-05-01,0.07462554628526008,0.011976047904191574,0.046566666666666666
1919-06-01,0.03186547751765145,0.0,0.04695833333333333
1919-07-01,0.0375199058993847,0.02958579881656805,0.047349999999999996
1919-08-01,-0.0625368033648791,0.01724137931034487,0.04774166666666666
1919-09-01,0.020856820744081128,0.005649717514124374,0.04813333333333333
1919-10-01,0.05601831298557158,0.0168539325842697,0.04852499999999999
1919-11-01,-0.024874164026751355,0.022099447513812074,0.048916666666666664
1919-12-01,-0.024573812114617177,0.021621621621621546,0.04930833333333333
1920-01-01,-0.005154147982062818,0.021164021164021277,0.049699999999999994
1920-02-01,-0.0777019630049075,0.010362694300518097,0.0498
1920-03-01,0.07577160493827151,0.01025641025641022,0.0499
1920-04-01,-0.003044021530180796,0.030456852791878247,0.05
1920-05-01,-0.05773546511627892,0.014778325123152743,0.0501
1920-06-01,-0.011993382961124954,0.014563106796116367,0.050199999999999995
1920-07-01,0.004190867003367016,-0.004784688995215209,0.05029999999999999
1920-08-01,-0.03374736620311847,-0.024038461538461536,0.05039999999999999
1920-09-01,0.041173245614035237,-0.014778325123152743,0.050499999999999996
1920-10-01,0.00670584498094029,-0.005000000000000071,0.050600000000000006
1920-11-01,-0.045350042301184446,-0.005025125628140597,0.050699999999999995
1920-12-01,-0.08389037433155089,-0.020202020202020308,0.05079999999999999
1921-01-01,0.050242290748898855,-0.020618556701030855,0.0509
1921-02-01,-0.0011521331458042017,-0.03157894736842113,0.05024166666666666
1921-03-01,-0.019623465533522233,-0.005434782608695537,0.04958333333333333
1921-04-01,0.010335513565891574,-0.01092896174863384,0.048925
1921-05-01,0.036290400385914134,-0.022099447513812272,0.04826666666666666
1921-06-01,-0.07437968164794018,-0.005649717514124173,0.047608333333333336
1921-07-01,0.0030636132315522424,0.0056818181818180605,0.046950000000000006
1921-08-01,-0.006167687595712179,0.0,0.04629166666666666
1921-09-01,0.030910852713178283,-0.011299435028248548,0.04563333333333333
1921-10-01,0.019519667170952992,0.0,0.044974999999999994
1921-11-01,0.05950497512437791,-0.005714285714285796,0.044316666666666664
1921-12-01,0.04084041548630779,-0.005747126436781487,0.04365833333333333
1922-01-01,0.0039238486092112446,-0.023121387283237118,0.043
1922-02-01,0.02726369863013689,0.0,0.04305
1922-03-01,0.04281166219839139,-0.011834319526627177,0.043100000000000006
1922-04-01,0.06585594315245502,0.0,0.043149999999999994
1922-05-01,0.04385708485586659,0.0,0.0432
1922-06-01,-0.0046404845642828985,0.0,0.043250000000000004
1922-07-01,0.01192504930966476,0.005988023952095894,0.0433
1922-08-01,0.04243341167254222,-0.011904761904761862,0.04335
1922-09-01,0.030742733106832842,0.0,0.0434
1922-10-01,0.02668966151582053,0.00602409638554204,0.043449999999999996
1922-11-01,-0.045124190064794734,0.005988023952095894,0.0435
1922-12-01,0.002556818181818077,0.005952380952380825,0.04355
1923-01-01,0.018524107820804936,-0.0059171597633134836,0.0436
1923-02-01,0.04750280898876391,0.0,0.04335
1923-03-01,0.020788433908045967,0.0,0.0431
1923-04-01,-0.030428596677271158,0.005952380952380825,0.04285
1923-05-01,-0.04250641025641022,0.0,0.0426
1923-06-01,-0.03306420607458671,0.005917159763313694,0.04234999999999999
1923-07-01,-0.028360311750599387,0.0117647058823529,0.0421
1923-08-01,0.010373242349048795,-0.005813953488371969,0.04185
1923-09-01,0.011574074074074181,0.005847953216374144,0.0416
1923-10-01,-0.00933844580777099,0.005813953488372176,0.04135
1923-11-01,0.03537048567870493,0.0,0.0411
1923-12-01,0.03919790407093937,0.0,0.04085
1924-01-01,0.03793079922027287,0.0,0.0406
1924-02-01,0.009563042657606546,-0.005780346820809331,0.04043333333333333
1924-03-01,-0.014139421270199182,-0.005813953488371969,0.040266666666666666
1924-04-01,-0.017847701149425244,-0.005847953216374352,0.0401
1924-05-01,0.0017480392156863367,0.0,0.039933333333333335
1924-06-01,0.024203069657615206,0.0,0.039766666666666665
1924-07-01,0.05158072614909215,0.005882352941176554,0.039599999999999996
1924-08-01,0.03934385382059813,-0.005847953216374352,0.03943333333333333
1924-09-01,-0.004773376159885823,0.005882352941176554,0.039266666666666665
1924-10-01,-0.008047747747747636,0.005847953216374144,0.0391
1924-11-01,0.06086436655713756,0.0,0.038933333333333334
1924-12-01,0.05869640387275221,0.005813953488372176,0.03876666666666667
1925-01-01,0.0458841863517061,0.0,0.038599999999999995
1925-02-01,0.012904064272211802,-0.005780346820809331,0.038450000000000005
1925-03-01,-0.02184864104967188,0.005813953488372176,0.0383
1925-04-01,-0.006041867179980898,-0.005780346820809331,0.038149999999999996
1925-05-01,0.03672827496757458,0.005813953488372176,0.038
1925-06-01,0.022423814011938603,0.011560693641618455,0.03785
1925-07-01,0.03224691358024678,0.011428571428571389,0.0377
1925-08-01,0.017892642642642675,0.0,0.03755
1925-09-01,0.027462962962963022,0.0,0.0374
1925-10-01,0.037298725745728456,0.0,0.03725
1925-11-01,0.035294365012615625,0.016949152542372923,0.0371
1925-12-01,0.020391517128874437,-0.005555555555555635,0.036950000000000004
1926-01-01,0.019311797752809,0.0,0.0368
1926-02-01,0.005632411067193699,0.0,0.03651666666666667
1926-03-01,-0.06378255722178361,-0.005586592178770831,0.03623333333333333
1926-04-01,-0.023497036409822147,0.005617977528089768,0.03595
1926-05-01,0.011596254355400681,-0.005586592178770831,0.035666666666666666
1926-06-01,0.05222750865051906,-0.005617977528089967,0.035383333333333336
1926-07-01,0.04660404624277459,-0.011299435028248548,0.0351
1926-08-01,0.043977812995245724,-0.005714285714285796,0.03481666666666666
1926-09-01,0.019483612804878092,0.0057471264367816915,0.03453333333333333
1926-10-01,-0.0182995495495496,0.005714285714285796,0.034249999999999996
1926-11-01,0.01742511520737322,0.0056818181818180605,0.033966666666666666
1926-12-01,0.02710386656558006,0.0,0.03368333333333333
1927-01-01,-0.0023678033110946517,-0.011299435028248548,0.0334
1927-02-01,0.023776741293532355,-0.005714285714285796,0.03339166666666666
1927-03-01,0.01970473401659345,-0.005747126436781487,0.033383333333333334
1927-04-01,0.028819394376351948,0.0,0.033375
1927-05-01,0.03872448979591825,0.005780346820809125,0.03336666666666667
1927-06-01,0.017063492063492225,0.011494252873563383,0.03335833333333334
1927-07-01,0.026285538392657237,-0.017045454545454586,0.03335
1927-08-01,0.05728920280332894,-0.005780346820809331,0.033341666666666665
1927-09-01,0.060667498440424295,0.005813953488372176,0.03333333333333333
1927-10-01,-0.011625836284927193,0.005780346820809125,0.033325
1927-11-01,0.02659522382094326,-0.005747126436781487,0.03331666666666667
1927-12-01,0.02720789370847987,0.0,0.033308333333333336
1928-01-01,0.007716208476517661,0.0,0.0333
1928-02-01,-0.008255847119224224,-0.011560693641618455,0.033525
1928-03-01,0.05749615088529647,0.0,0.03375
1928-04-01,0.06665159817351607,0.0,0.033975
1928-05-01,0.03437843642611682,0.005847953216374144,0.0342
1928-06-01,-0.04562500000000003,-0.005813953488371969,0.034425
1928-07-01,0.01093892393971263,0.0,0.03465
1928-08-01,0.03593989213639537,0.0,0.034874999999999996
1928-09-01,0.07376980114593867,0.011695906432748496,0.0351
1928-10-01,0.02360533774208773,-0.005780346820809331,0.035324999999999995
1928-11-01,0.07084606481481459,0.0,0.03555
1928-12-01,0.006974559121133206,-0.005813953488371969,0.035775
1929-01-01,0.07696184305255582,0.0,0.036000000000000004
1929-02-01,0.008145615446500498,0.0,0.035741666666666665
1929-03-01,0.020541549953314808,-0.005847953216374352,0.03548333333333333
1929-04-01,-0.002982042207366531,-0.005882352941176554,0.035225
1929-05-01,0.01799841772151889,0.005917159763313694,0.03496666666666667
1929-06-01,0.022051182125227164,0.005882352941176554,0.034708333333333334
1929-07-01,0.09203314212874458,0.011695906432748496,0.03445
1929-08-01,0.059603230337078816,0.0,0.03419166666666666
1929-09-01,0.042469545957918076,0.0,0.033933333333333336
1929-10-01,-0.10322151224707143,0.0,0.033675
1929-11-01,-0.2618792425866382,0.0,0.03341666666666667
1929-12-01,0.04377227081308721,-0.005780346820809331,0.03315833333333333
1930-01-01,0.01826635514018693,-0.005813953488371969,0.0329
1930-02-01,0.0663737908797788,-0.005847953216374352,0.03294166666666667
1930-03-01,0.041224172807397874,-0.005882352941176554,0.03298333333333334
1930-04-01,0.06688004734057351,0.005917159763313694,0.033025
1930-05-01,-0.056512830583922535,-0.005882352941176554,0.03306666666666667
1930-06-01,-0.09769214703425233,-0.0059171597633134836,0.03310833333333333
1930-07-01,-0.017596809169764582,-0.011904761904761862,0.033150000000000006
1930-08-01,-0.00895576131687248,-0.006024096385542254,0.03319166666666667
1930-09-01,0.0034371492704827755,0.0060606060606061465,0.03323333333333333
1930-10-01,-0.13370909528392683,-0.006024096385542254,0.033275
1930-11-01,-0.06799107142857141,-0.0060606060606061465,0.03331666666666667
1930-12-01,-0.06187324508624148,-0.018292682926829097,0.03335833333333332
1931-01-01,0.0354969911884806,-0.01242236024844727,0.0334
1931-02-01,0.08131675010429706,-0.012578616352201324,0.03368333333333333
1931-03-01,0.023740310077519533,-0.0063694267515923345,0.033966666666666666
1931-04-01,-0.09085995436394756,-0.0064102564102563875,0.034249999999999996
1931-05-01,-0.09167034468263968,-0.012903225806451568,0.03453333333333333
1931-06-01,-0.026866713189113822,-0.013071895424836671,0.03481666666666666
1931-07-01,0.03849254986782036,0.0,0.0351
1931-08-01,-0.024928471737613367,0.0,0.035383333333333336
1931-09-01,-0.14376498800959225,-0.006622516556291367,0.035666666666666666
1931-10-01,-0.1275943927867006,-0.006666666666666643,0.03595
1931-11-01,0.020433333333333303,-0.01342281879194638,0.03623333333333333
1931-12-01,-0.18110362528071877,-0.0068027210884353505,0.03651666666666667
1932-01-01,-0.008754936808846536,-0.020547945205479378,0.0368
1932-02-01,-0.000735943775100445,-0.01398601398601406,0.03649166666666667
1932-03-01,0.011138112596192906,-0.007092198581560258,0.03618333333333334
1932-04-01,-0.23251311541565778,-0.0071428571428571175,0.035875000000000004
1932-05-01,-0.11349920382165612,-0.01438848920863317,0.03556666666666666
1932-06-01,-0.1243194192377497,-0.007299270072992675,0.035258333333333336
1932-07-01,0.0613784067085954,0.0,0.03495
1932-08-01,0.5130854956753161,-0.007352941176470562,0.03464166666666667
1932-09-01,0.10336432049579458,-0.007407407407407381,0.034333333333333334
1932-10-01,-0.13243240516545596,-0.007462686567164152,0.034025
1932-11-01,-0.0036669007490637284,-0.007518796992481309,0.033716666666666666
1932-12-01,-0.026713947990543607,-0.007575757575757549,0.03340833333333334
1933-01-01,0.045637829912023475,-0.01526717557251903,0.0331
1933-02-01,-0.1127174424071462,-0.015503875968992331,0.032941666666666675
1933-03-01,0.003266666666666751,-0.007874015748031468,0.03278333333333333
1933-04-01,0.11235955056179758,0.0,0.032624999999999994
1933-05-01,0.29311804547653586,0.0,0.032466666666666665
1933-06-01,0.1757797820368283,0.007936507936507908,0.032308333333333335
1933-07-01,0.0845765158806544,0.03149606299212601,0.03215
1933-08-01,-0.046452953398634644,0.007633587786259515,0.03199166666666667
1933-09-01,-0.004881287097782017,0.0,0.03183333333333334
1933-10-01,-0.09380907372400749,0.0,0.031675
1933-11-01,0.027966841186736424,0.0,0.031516666666666665
1933-12-01,0.023176550783913008,0.0,0.031358333333333335
1934-01-01,0.06085590103644267,0.0,0.031200000000000002
1934-02-01,0.07749604680581923,0.0075757575757576835,0.030924999999999998
1934-03-01,-0.04797924028268552,0.0,0.03065
1934-04-01,0.02019941030415895,0.0,0.030375000000000006
1934-05-01,-0.09825854700854697,0.0,0.030100000000000002
1934-06-01,0.017031940197077766,0.007518796992481176,0.029825
1934-07-01,-0.043546277665995836,0.0,0.02955
1934-08-01,-0.03513991552270346,0.0,0.029275000000000002
1934-09-01,-0.020077838827838757,0.014925373134328304,0.029000000000000005
1934-10-01,0.012089902402402153,-0.007352941176470562,0.028724999999999997
1934-11-01,0.032115456238361206,0.0,0.028449999999999996
1934-12-01,0.010597826086956585,-0.007407407407407381,0.028175
1935-01-01,0.004049676025917881,0.014925373134328304,0.0279
1935-02-01,-0.026187904967602593,0.007352941176470562,0.027783333333333333
1935-03-01,-0.05929844097995551,0.0,0.027666666666666666
1935-04-01,0.07933677170035658,0.007299270072992805,0.027549999999999998
1935-05-01,0.08262659476401191,0.0,0.02743333333333333
1935-06-01,0.04170940170940174,-0.007246376811594305,0.02731666666666667
1935-07-01,0.05599472990777343,0.0,0.027200000000000002
1935-08-01,0.07104851330203443,0.0,0.02708333333333333
1935-09-01,0.024333040164174813,0.0,0.026966666666666667
1935-10-01,0.02993109388458226,0.0,0.02685
1935-11-01,0.09717561521252804,0.007299270072992805,0.026733333333333335
1935-12-01,0.0030035787321063268,0.0,0.026616666666666667
1936-01-01,0.05828220858895694,0.0,0.0265
1936-02-01,0.06038032945736438,0.0,0.026525
1936-03-01,0.02416953035509728,-0.007246376811594305,0.026550000000000004
1936-04-01,0.004243309780170623,0.0,0.026574999999999998
1936-05-01,-0.05010454189068114,0.0,0.026600000000000002
1936-06-01,0.04583629051336646,0.007299270072992805,0.026625
1936-07-01,0.062457454050374395,0.007246376811594177,0.02665
1936-08-01,0.02308269065981139,0.007194244604316521,0.026675000000000004
1936-09-01,0.014545263600084013,0.0,0.026699999999999998
1936-10-01,0.05569401349948078,0.0,0.026725000000000002
1936-11-01,0.03119860371028227,0.0,0.02675
1936-12-01,-0.01382488479262689,0.0,0.026774999999999997
1937-01-01,0.03463266901133277,0.0071428571428571175,0.0268
1937-02-01,0.03306803107826428,0.0,0.026699999999999998
1937-03-01,0.0023467697404748744,0.007092198581560258,0.026600000000000002
1937-04-01,-0.05610834715312307,0.007042253521126861,0.026500000000000003
1937-05-01,-0.04071134626690198,0.006993006993006968,0.0264
1937-06-01,-0.033230769230769175,0.0,0.0263
1937-07-01,0.06381429560954821,0.00694444444444442,0.0262
1937-08-01,0.014249311003821985,0.0,0.0261
1937-09-01,-0.1377439267224213,0.006896551724137907,0.026000000000000002
1937-10-01,-0.14091858037578286,0.0,0.0259
1937-11-01,-0.08258686210640609,-0.006849315068493127,0.0258
1937-12-01,-0.010119047619047583,-0.006896551724137907,0.025699999999999997
1938-01-01,0.03231498033877789,-0.013888888888888963,0.0256
1938-02-01,-0.018076429413498518,-0.007042253521126736,0.025433333333333336
1938-03-01,-0.06023550724637672,0.0,0.025266666666666663
1938-04-01,-0.03454035725832527,0.007092198581560258,0.025099999999999997
1938-05-01,0.015447699696663264,-0.007042253521126736,0.02493333333333333
1938-06-01,0.029225116900467807,0.0,0.024766666666666666
1938-07-01,0.20464685765589286,0.0,0.0246
1938-08-01,0.010393974673202688,0.0,0.024433333333333335
1938-09-01,-0.04102355808285951,0.0,0.02426666666666667
1938-10-01,0.11581560283687953,-0.007092198581560258,0.024099999999999996
1938-11-01,0.004338948443083135,0.0,0.02393333333333333
1938-12-01,-0.02582249426166794,0.0,0.023766666666666665
1939-01-01,-0.011601438140267817,0.0,0.0236
1939-02-01,-0.004555553333333351,-0.0071428571428571175,0.023474999999999996
1939-03-01,0.0026881720430107503,0.0,0.02335
1939-04-01,-0.12238812886736616,-0.007194244604316521,0.023225
1939-05-01,0.04098697291474296,0.0,0.0231
1939-06-01,0.021742356782427974,0.0,0.022975000000000002
1939-07-01,0.0284339457567806,0.0,0.022850000000000002
1939-08-01,-0.010603472815257864,0.0,0.022725
1939-09-01,0.11062969381860199,0.021739130434782532,0.0226
1939-10-01,0.013965022187418574,-0.007092198581560258,0.022475000000000002
1939-11-01,-0.013953488372092981,0.0,0.022350000000000002
1939-12-01,-0.019600105235464516,0.0,0.022225
1940-01-01,-0.001459626785233037,-0.0071428571428571175,0.022099999999999998
1940-02-01,-0.0022583536585366604,0.007194244604316521,0.021883333333333334
1940-03-01,-0.001432078559738148,0.0,0.02166666666666667
1940-04-01,0.014243257887517125,0.0,0.02145
1940-05-01,-0.13336502988318388,0.0,0.021233333333333337
1940-06-01,-0.08089161940768741,0.0071428571428571175,0.021016666666666666
1940-07-01,0.03875100827300937,-0.007092198581560258,0.0208
1940-08-01,0.02655432932932933,0.0,0.020583333333333335
1940-09-01,0.04763071895424864,0.0,0.020366666666666665
1940-10-01,0.014659767952336145,0.0,0.02015
1940-11-01,0.02850264057160623,0.0,0.019933333333333334
1940-12-01,-0.035898603521554384,0.0071428571428571175,0.019716666666666664
1941-01-01,0.0072280231085788404,0.0,0.0195
1941-02-01,-0.05721432069510268,0.0,0.019925
1941-03-01,0.01179642736771136,0.007092198581560258,0.02035
1941-04-01,-0.025432721943048464,0.007042253521126861,0.020775000000000002
1941-05-01,-0.01584831431535272,0.006993006993006968,0.0212
1941-06-01,0.04109225874867439,0.02083333333333326,0.021625000000000002
1941-07-01,0.05714935963114742,0.0,0.02205
1941-08-01,0.0007851445743991547,0.01360544217687082,0.022474999999999995
1941-09-01,0.008651648710414683,0.01342281879194626,0.0229
1941-10-01,-0.03431532389322911,0.013245033112582853,0.023325
1941-11-01,-0.0408047897592404,0.006535947712418277,0.023750000000000004
1941-12-01,-0.05878690857346136,0.0064935064935064705,0.024175
1942-01-01,0.026097155631659152,0.012903225806451568,0.0246
1942-02-01,-0.02485379805897714,0.006369426751592447,0.024608333333333333
1942-03-01,-0.04768786127167646,0.01265822784810122,0.02461666666666667
1942-04-01,-0.034637326813365954,0.006250000000000089,0.024624999999999998
1942-05-01,0.018601190476190466,0.012422360248447159,0.024633333333333333
1942-06-01,0.05737704918032782,0.0,0.024641666666666662
1942-07-01,0.04368414365746309,0.006134969325153243,0.02465
1942-08-01,0.00032149884259258243,0.006097560975609843,0.024658333333333338
1942-09-01,0.01649204501358148,0.0,0.024666666666666667
1942-10-01,0.07958909370199696,0.012121212121212078,0.024675000000000002
1942-11-01,0.02145922746781137,0.005988023952095894,0.02468333333333334
1942-12-01,0.01047166490672291,0.005952380952380825,0.024691666666666667
1943-01-01,0.06503851540616257,0.0,0.024700000000000003
1943-02-01,0.0643376280145358,0.0,0.024708333333333332
1943-03-01,0.040146554412223256,0.01775147928994087,0.024716666666666668
1943-04-01,0.03786510087323092,0.011627906976744146,0.024725
1943-05-01,0.04363344988344986,0.0057471264367816915,0.024733333333333336
1943-06-01,0.021797028315110545,0.0,0.024741666666666672
1943-07-01,0.024747472451790653,-0.005714285714285796,0.02475
1943-08-01,-0.04536661943319831,-0.005747126436781487,0.02475833333333333
1943-09-01,0.0255536626916526,0.005780346820809125,0.024766666666666666
1943-10-01,-0.0049810050041702025,0.0,0.024775000000000002
1943-11-01,-0.04204077581369259,0.0,0.024783333333333334
1943-12-01,0.01772580170638416,0.0,0.02479166666666667
1944-01-01,0.03668215011614406,0.0,0.0248
1944-02-01,-0.0024144374120955714,0.0,0.024708333333333332
1944-03-01,0.03242707448314919,0.0,0.02461666666666667
1944-04-01,-0.013062444903581216,0.0057471264367816915,0.024525
1944-05-01,0.022054015979814823,0.0,0.024433333333333335
1944-06-01,0.05144628099173554,0.005714285714285796,0.024341666666666664
1944-07-01,0.03021134569850048,0.0056818181818180605,0.024249999999999997
1944-08-01,-0.010534185897435822,0.0,0.024158333333333334
1944-09-01,-0.012230028623471334,0.0,0.024066666666666667
1944-10-01,0.02883597883597888,0.0,0.023975
1944-11-01,-0.0028401755744901225,0.0,0.023883333333333336
1944-12-01,0.02600104004160153,0.005649717514124374,0.023791666666666666
1945-01-01,0.03386344147582698,0.0,0.023700000000000002
1945-02-01,0.03735277365950074,0.0,0.02355
1945-03-01,0.003168340506934486,0.0,0.023400000000000004
1945-04-01,0.029014118210098028,0.0,0.023250000000000003
1945-05-01,0.041608309990663006,0.005617977528089768,0.0231
1945-06-01,0.021873594242015404,0.01117318435754206,0.022949999999999998
1945-07-01,-0.01693542633090339,0.0,0.0228
1945-08-01,0.007085402571041843,0.0,0.02265
1945-09-01,0.07181389076196898,0.0,0.0225
1945-10-01,0.04513888888888884,0.0,0.022350000000000002
1945-11-01,0.036060606060605904,0.0,0.022199999999999998
1945-12-01,0.02024647887323927,0.0055248618784529205,0.02205
1946-01-01,0.04302109540296217,0.0,0.0219
1946-02-01,0.005888517388087378,-0.005494505494505378,0.021949999999999997
1946-03-01,-0.026747832503228097,0.011049723756906037,0.022000000000000002
1946-04-01,0.06769347784749957,0.005464480874316823,0.02205
1946-05-01,0.0051804215791355634,0.00543478260869573,0.022099999999999998
1946-06-01,-0.0033868092691621277,0.010810810810810773,0.02215
1946-07-01,-0.025460472730534423,0.05882352941176478,0.022199999999999998
1946-08-01,-0.016220373961219003,0.02020202020202013,0.022250000000000002
1946-09-01,-0.14420903954802267,0.009900990099009866,0.0223
1946-10-01,-0.018684189308592836,0.01960784313725501,0.02235
1946-11-01,-9.416384180793713e-05,0.024038461538461536,0.022400000000000003
1946-12-01,0.033980031767642416,0.009389671361502313,0.02245
1947-01-01,0.009216418814716798,0.0,0.0225
1947-02-01,0.04271678172255089,0.0,0.022658333333333332
1947-03-01,-0.036708860759493644,0.01860465116279063,0.022816666666666666
1947-04-01,-0.03290823988566405,0.0,0.022975
1947-05-01,-0.013546421232876749,0.0,0.023133333333333336
1947-06-01,0.039284053928405394,0.004566210045662165,0.023291666666666665
1947-07-01,0.06699236298292899,0.00909090909090906,0.02345
1947-08-01,-0.01553582752060867,0.013513513513513545,0.02360833333333333
1947-09-01,-0.021614920224234613,0.022222222222222223,0.02376666666666667
1947-10-01,0.03036004316069052,0.0,0.023925000000000002
1947-11-01,-0.007209638619201653,0.004347826086956583,0.02408333333333333
1947-12-01,-0.01113294040602486,0.012987012987012863,0.02424166666666667
1948-01-01,-0.008630888223552846,0.012820512820512851,0.024399999999999998
1948-02-01,-0.04446691953247928,-0.008438818565400814,0.024291666666666666
1948-03-01,0.0192080378250592,-0.004255319148936231,0.02418333333333333
1948-04-01,0.08187645687645673,0.017094017094017186,0.024075000000000003
1948-05-01,0.05330086580086557,0.004201680672268818,0.023966666666666664
1948-06-01,0.04587203302373588,0.008368200836820203,0.023858333333333332
1948-07-01,-0.019536925287356177,0.012448132780082869,0.02375
1948-08-01,-0.024851131749898725,0.004098360655737763,0.02364166666666667
1948-09-01,-0.006744040150564623,0.0,0.023533333333333337
1948-10-01,0.03199027072758054,-0.004081632653061282,0.023424999999999998
1948-11-01,-0.05090590899732361,-0.00819672131147538,0.023316666666666666
1948-12-01,-0.0014715500327010522,-0.004132231404958589,0.023208333333333334
1949-01-01,0.01638505047180172,-0.004149377593361055,0.0231
1949-02-01,-0.033185042317708247,-0.008333333333333304,0.023108333333333335
1949-03-01,0.01500789889415488,0.0,0.023116666666666664
1949-04-01,0.00421044600938969,0.004201680672268818,0.023125
1949-05-01,-0.0017535818222521593,-0.004184100418409953,0.023133333333333336
1949-06-01,-0.04905277401894437,0.004201680672268818,0.023141666666666668
1949-07-01,0.0626740038177045,-0.008368200836820055,0.02315
1949-08-01,0.041741926377597105,0.004219409282700482,0.023158333333333333
1949-09-01,0.01874863745367339,0.004201680672268818,0.023166666666666665
1949-10-01,0.03159742844846147,-0.008368200836820055,0.023174999999999998
1949-11-01,0.019648993077407084,0.004219409282700482,0.023183333333333334
1949-12-01,0.03258845437616387,-0.008403361344537785,0.023191666666666663
1950-01-01,0.026350261991132662,-0.00423728813559328,0.0232
1950-02-01,0.02527646129541883,0.0,0.023408333333333333
1950-03-01,0.013800116211504898,0.004255319148936231,0.023616666666666668
1950-04-01,0.03390970220941392,0.0,0.023825
1950-05-01,0.03919095665171901,0.00423728813559313,0.024033333333333334
1950-06-01,0.021691973969631073,0.004219409282700482,0.024241666666666665
1950-07-01,-0.06704317858413367,0.012605042016806753,0.02445
1950-08-01,0.06658357307249707,0.008298755186721962,0.024658333333333334
1950-09-01,0.041282329535178075,0.0041152263374484715,0.024866666666666662
1950-10-01,0.04741732180293501,0.008196721311475526,0.025075
1950-11-01,0.003956257339372549,0.004065040650406417,0.025283333333333335
1950-12-01,0.0021432173474533744,0.01214574898785428,0.02549166666666667
1951-01-01,0.08019691983122379,0.015999999999999945,0.025699999999999997
1951-02-01,0.04315311173974523,0.011811023622047273,0.025791666666666668
1951-03-01,-0.011060606060606215,0.003891050583657643,0.025883333333333335
1951-04-01,0.019314724919093917,0.0,0.025975
1951-05-01,0.006336184610705509,0.003875968992247979,0.026066666666666665
1951-06-01,-0.011399908800729608,0.0,0.026158333333333332
1951-07-01,0.023614346481051873,0.0,0.02625
1951-08-01,0.049602257181942555,0.0,0.026341666666666666
1951-09-01,0.03130915974952675,0.007722007722007832,0.026433333333333336
1951-10-01,0.00015378336172622298,0.003831417624520991,0.026525000000000003
1951-11-01,-0.022664561929223614,0.007633587786259515,0.026616666666666667
1951-12-01,0.03599735799207404,0.0037878787878788418,0.026708333333333334
1952-01-01,0.03835017086715076,0.0,0.0268
1952-02-01,-0.013308977538928013,-0.007547169811320728,0.026924999999999998
1952-03-01,0.007508771929824354,0.0,0.02705
1952-04-01,0.002064958700826125,0.0038022813688212117,0.027175
1952-05-01,0.004633529907329459,0.0,0.027300000000000005
1952-06-01,0.032483494872875385,0.0037878787878788418,0.027425
1952-07-01,0.03366830735575599,0.007547169811320728,0.027549999999999998
1952-08-01,0.00880515683147265,0.0,0.027675
1952-09-01,-0.011086841408525228,0.0,0.027800000000000002
1952-10-01,-0.0161532485875705,0.0,0.027925
1952-11-01,0.03662864111019526,0.0,0.028050000000000002
1952-12-01,0.045045944866160426,0.0,0.028175
1953-01-01,0.009888632872503855,-0.0037453183520598453,0.028300000000000002
1953-02-01,-0.0077349121466768755,-0.0037593984962406546,0.028008333333333333
1953-03-01,0.009570765661252922,0.003773584905660431,0.027716666666666664
1953-04-01,-0.04471806464024619,0.0,0.028300000000000002
1953-05-01,0.01003868204505598,0.003759398496240521,0.0305
1953-06-01,-0.03106548577563073,0.0037453183520599785,0.0311
1953-07-01,0.01913709116214335,0.0,0.029300000000000003
1953-08-01,0.008988609853163076,0.00373134328358201,0.029500000000000002
1953-09-01,-0.04106874402077365,0.0,0.0287
1953-10-01,0.035202693023922205,0.003717472118959161,0.026600000000000002
1953-11-01,0.027117229870671666,-0.0037037037037037563,0.0268
1953-12-01,0.018401360544217704,0.0,0.0259
1954-01-01,0.0302613438045376,0.0,0.0248
1954-02-01,0.02678492406389088,0.0,0.024700000000000003
1954-03-01,0.025845503458877817,0.0,0.023700000000000002
1954-04-01,0.04448416133483879,-0.0037174721189590287,0.0229
1954-05-01,0.044205181565930785,0.00373134328358201,0.023700000000000002
1954-06-01,0.01221139343311295,0.0,0.023799999999999998
1954-07-01,0.04459216735727445,0.0,0.023
1954-08-01,0.023960974665339085,0.0,0.0236
1954-09-01,0.02741620566221914,-0.0037174721189590287,0.023799999999999998
1954-10-01,0.02716833598304169,0.0,0.024300000000000002
1954-11-01,0.04308232338926876,0.0,0.0248
1954-12-01,0.04959130781499188,-0.0037313432835821424,0.025099999999999997
1955-01-01,0.02170114860356498,0.0,0.026099999999999998
1955-02-01,0.03706303838951297,0.0,0.0265
1955-03-01,-0.00434900788257675,0.0,0.0268
1955-04-01,0.03808979452054784,0.0,0.0275
1955-05-01,-0.0007797713629943415,0.0,0.0276
1955-06-01,0.06145833333333339,0.0,0.0278
1955-07-01,0.0764761814982402,0.0037453183520599785,0.028999999999999998
1955-08-01,-0.002960627000858751,0.0,0.0297
1955-09-01,0.048197030403016816,0.00373134328358201,0.0297
1955-10-01,-0.04723599834611347,0.0,0.0288
1955-11-01,0.07067468139001032,0.0,0.028900000000000002
1955-12-01,0.012384130515387337,-0.0037174721189590287,0.0296
1956-01-01,-0.023822643450150616,0.0,0.028999999999999998
1956-02-01,0.009550773876934704,0.0,0.028399999999999998
1956-03-01,0.07211718808612799,0.0,0.0296
1956-04-01,0.014868621464167786,0.00373134328358201,0.0318
1956-05-01,-0.028344311481096063,0.003717472118959161,0.030699999999999998
1956-06-01,-0.0025784271594326835,0.007407407407407381,0.03
1956-07-01,0.057512661191556846,0.007352941176470562,0.0311
1956-08-01,-0.002824466994669872,-0.0036496350364962726,0.0333
1956-09-01,-0.03086547054375466,0.003663003663003585,0.0338
1956-10-01,-0.009595306717904872,0.0036496350364964023,0.0334
1956-11-01,-0.007184742647058928,0.0,0.0349
1956-12-01,0.018028846153846256,0.003636363636363688,0.0359
1957-01-01,-0.018632159776055035,0.0,0.0346
1957-02-01,-0.03996380879007999,0.003623188405797024,0.0334
1957-03-01,0.016198911126447335,0.0036101083032491488,0.0341
1957-04-01,0.026440305852070356,0.003597122302158197,0.0348
1957-05-01,0.041601923788383344,0.0035842293906810548,0.036000000000000004
1957-06-01,0.019541826991591682,0.003571428571428622,0.038
1957-07-01,0.023238696109358692,0.007117437722419903,0.0393
1957-08-01,-0.05203394489108759,0.0,0.0393
1957-09-01,-0.037376381617219456,0.0,0.0392
1957-10-01,-0.05894724874943147,0.0,0.0397
1957-11-01,-0.017984157775622345,0.003533568904593564,0.037200000000000004
1957-12-01,0.0032011565468814673,0.0,0.0321
1958-01-01,0.02327326638565186,0.007042253521126861,0.030899999999999997
1958-02-01,0.007005248865110225,0.0,0.0305
1958-03-01,0.024175957343674392,0.006993006993006968,0.0298
1958-04-01,0.008938237156653317,0.0034722222222221483,0.0288
1958-05-01,0.03555213745866781,0.0,0.0292
1958-06-01,0.027326468344774923,0.0,0.0297
1958-07-01,0.030707635009310952,0.003460207612456797,0.032
1958-08-01,0.040542989705669275,-0.0034482758620690145,0.0354
1958-09-01,0.029437456324248767,0.0,0.037599999999999995
1958-10-01,0.04360135825163414,0.0,0.038
1958-11-01,0.03327335623159944,0.003460207612456797,0.0374
1958-12-01,0.021634920634920674,-0.0034482758620690145,0.038599999999999995
1959-01-01,0.04255728485075072,0.003460207612456797,0.04019999999999999
1959-02-01,-0.012640342203044441,-0.0034482758620690145,0.039599999999999996
1959-03-01,0.02807193719189316,0.0,0.039900000000000005
1959-04-01,0.01937421355650537,0.003460207612456797,0.0412
1959-05-01,0.017663937536485763,0.0,0.0431
1959-06-01,-0.00605302507476424,0.0034482758620690145,0.0434
1959-07-01,0.042285459450052354,0.0034364261168384146,0.044000000000000004
1959-08-01,-0.00317580348175428,0.0,0.0443
1959-09-01,-0.03702300785634127,0.003424657534246624,0.046799999999999994
1959-10-01,0.0017771983640082478,0.0034129692832763777,0.0453
1959-11-01,0.00670077485380105,0.0,0.0453
1959-12-01,0.03464092259304574,0.0,0.046900000000000004
1960-01-01,-0.01480603059036012,-0.0034013605442176145,0.0472
1960-02-01,-0.036039792635992884,0.0034129692832763777,0.0449
1960-03-01,-0.010726664276323628,0.0,0.0425
1960-04-01,0.01584776747849248,0.0034013605442177355,0.042800000000000005
1960-05-01,-0.006240400143549207,0.0,0.0435
1960-06-01,0.03988591090184723,0.0033898305084746243,0.0415
1960-07-01,-0.0219612294795668,0.0,0.039
1960-08-01,0.01490866762177645,0.0,0.038
1960-09-01,-0.02720757388072903,0.0,0.038
1960-10-01,-0.016739646049990897,0.006756756756756733,0.038900000000000004
1960-11-01,0.03540852410199147,0.0,0.0393
1960-12-01,0.026906435911303372,0.0,0.0384
1961-01-01,0.05426448063380285,0.0,0.0384
1961-02-01,0.04373650647465954,0.0,0.0378
1961-03-01,0.0339660071846013,0.0,0.0374
1961-04-01,0.029190060303597276,0.0,0.0378
1961-05-01,0.012633551065876603,0.0,0.0371
1961-06-01,-0.010802005012531368,0.0,0.0388
1961-07-01,-0.0002709158793051669,0.00671140939597313,0.0392
1961-08-01,0.0383981891809293,-0.003333333333333381,0.0404
1961-09-01,-0.005408860697251439,0.003344481605351218,0.0398
1961-10-01,0.013455248290217048,0.0,0.0392
1961-11-01,0.04774509803921578,0.0,0.0394
1961-12-01,0.01165353592196583,0.0,0.0406
1962-01-01,-0.03486354660347546,0.0,0.0408
1962-02-01,0.01910299937261728,0.003333333333333381,0.0404
1962-03-01,0.003417829678154405,0.0,0.0393
1962-04-01,-0.029441516099966814,0.0033222591362125535,0.0384
1962-05-01,-0.07184260347783489,0.0,0.0387
1962-06-01,-0.11411864317087361,0.0,0.0391
1962-07-01,0.027183579004134373,0.0033112582781457426,0.0401
1962-08-01,0.030240082499561227,0.0,0.0398
1962-09-01,-0.005923900660742887,0.00330033003300323,0.0398
1962-10-01,-0.02853926724137923,0.0,0.0393
1962-11-01,0.07203330662868668,0.0,0.0392
1962-12-01,0.04626082611592275,0.0,0.038599999999999995
1963-01-01,0.0414759871221797,0.0,0.0383
1963-02-01,0.01596389230453954,0.0,0.0392
1963-03-01,-0.0010745347896441437,0.0032894736842105734,0.0393
1963-04-01,0.04980289071620736,0.0,0.0397
1963-05-01,0.02271588375024236,0.0,0.0393
1963-06-01,0.0021861039825112893,0.0032786885245902103,0.039900000000000005
1963-07-01,-0.012214936052869385,0.0032679738562090806,0.04019999999999999
1963-08-01,0.03031546498721105,0.0,0.04
1963-09-01,0.028940077017000077,0.0,0.0408
1963-10-01,0.005025543353923689,0.0032573289902280596,0.041100000000000005
1963-11-01,-0.003039082112373803,0.0,0.0412
1963-12-01,0.023960341503717952,0.0032467532467531776,0.041299999999999996
1964-01-01,0.03332060356837907,0.0,0.0417
1964-02-01,0.014817233485938663,0.0,0.0415
1964-03-01,0.020728345608820975,0.0,0.042199999999999994
1964-04-01,0.01694867808798639,0.0,0.042300000000000004
1964-05-01,0.012220967809190242,0.0,0.042
1964-06-01,-0.003489428477039924,0.0032362459546926028,0.0417
1964-07-01,0.03963110667996017,0.003225806451612949,0.04190000000000001
1964-08-01,-0.012236641832892747,-0.0032154340836013317,0.04190000000000001
1964-09-01,0.01967479674796735,0.003225806451612949,0.042
1964-10-01,0.019721855892578688,0.0,0.04190000000000001
1964-11-01,0.009389118051463363,0.0032154340836012176,0.0415
1964-12-01,-0.014883739076154923,0.0,0.0418
1965-01-01,0.028224422343973377,0.0,0.04190000000000001
1965-02-01,0.009766730531042045,0.0,0.0421
1965-03-01,0.0033717579250720497,0.0032051282051282506,0.0421
1965-04-01,0.01559560827670925,0.00319488817891367,0.042
1965-05-01,0.017344928195218046,0.0,0.0421
1965-06-01,-0.04505488351254472,0.006369426751592447,0.0421
1965-07-01,0.0010452630134838437,0.0,0.042
1965-08-01,0.021202184666117008,0.0,0.0425
1965-09-01,0.03597718426022278,0.0,0.0429
1965-10-01,0.024986947117177527,0.0031645569620252488,0.0435
1965-11-01,0.010777984462194912,0.0,0.044500000000000005
1965-12-01,-0.0020980285765960227,0.0031545741324921586,0.0462
1966-01-01,0.01982266797485366,0.0,0.0461
1966-02-01,-0.004286326618088254,0.006289308176100607,0.0483
1966-03-01,-0.03860538713273631,0.0031250000000000444,0.0487
1966-04-01,0.03322520064506462,0.0062305295950154434,0.0475
1966-05-01,-0.050060653202328886,0.0,0.0478
1966-06-01,-0.00557924252900055,0.003095975232198187,0.0481
1966-07-01,0.0002033465024402492,0.003086419753086464,0.050199999999999995
1966-08-01,-0.05767513202858032,0.0061538461538462414,0.052199999999999996
1966-09-01,-0.032227733002686665,0.0,0.0518
1966-10-01,-0.005651233774579101,0.0061162079510702055,0.0501
1966-11-01,0.05315340982756389,0.0,0.0516
1966-12-01,0.007151088611762724,0.0,0.0484
1967-01-01,0.04131316857248257,0.0,0.0458
1967-02-01,0.037310045391750535,0.0,0.0463
1967-03-01,0.026346916971916823,0.0030395136778115935,0.0454
1967-04-01,0.01992469991798984,0.0030303030303030732,0.045899999999999996
1967-05-01,0.020576810319554495,0.0030211480362538194,0.048499999999999995
1967-06-01,-0.009918277711776002,0.0030120481927709128,0.050199999999999995
1967-07-01,0.019930247183637784,0.003003003003003046,0.0516
1967-08-01,0.018522497580905295,0.002994011976047947,0.0528
1967-09-01,0.016544960666031727,0.002985074626865714,0.053
1967-10-01,0.0009741502278814984,0.0029761904761905185,0.0548
1967-11-01,-0.028817339187399704,0.002967359050444935,0.0575
1967-12-01,0.031117346571695848,0.002958579881656847,0.057
1968-01-01,-0.000166142007694825,0.005899705014749347,0.0553
1968-02-01,-0.042561026936026924,0.0029325513196481355,0.0556
1968-03-01,-0.01558310376492189,0.0029239766081869682,0.0574
1968-04-01,0.07662974707224901,0.0029154518950437734,0.0564
1968-05-01,0.025588542211072873,0.002906976744186088,0.0587
1968-06-01,0.029418275944279815,0.005797101449275445,0.0572
1968-07-01,0.0005002736318406864,0.005763688760806793,0.055
1968-08-01,-0.019328123961448895,0.0028653295128940235,0.0542
1968-09-01,0.03508816634389955,0.002857142857142898,0.0546
1968-10-01,0.027182732806844356,0.005698005698005576,0.0558
1968-11-01,0.017868232177264076,0.00283286118980174,0.057
1968-12-01,0.012863693864642478,0.002824858757062187,0.0603
1969-01-01,-0.039843505477308305,0.0028169014084507443,0.0604
1969-02-01,-0.002377450980392215,0.005617977528089768,0.061900000000000004
1969-03-01,-0.019129720853858778,0.008379888268156544,0.063
1969-04-01,0.022750923128566747,0.005540166204986032,0.0617
1969-05-01,0.035143139190523254,0.002754820936639158,0.0632
1969-06-01,-0.04970522625876339,0.005494505494505573,0.06570000000000001
1969-07-01,-0.04204771871427626,0.005464480874316823,0.0672
1969-08-01,-0.0028302801534507704,0.00543478260869573,0.0669
1969-09-01,0.0062911446166915574,0.002702702702702741,0.0716
1969-10-01,0.01346711988149396,0.00539083557951471,0.071
1969-11-01,0.009977552694025782,0.005361930294906243,0.07139999999999999
1969-12-01,-0.050271974500225136,0.0053333333333334095,0.0765
1970-01-01,-0.005887269966706854,0.002652519893899053,0.0779
1970-02-01,-0.03195782120843027,0.005291005291005366,0.0724
1970-03-01,0.02012582224261905,0.005263157894736917,0.0707
1970-04-01,-0.0274738390674939,0.007853403141361182,0.0739
1970-05-01,-0.11198694008144261,0.0025974025974026343,0.0791
1970-06-01,-0.002695240599526638,0.0051813471502589565,0.0784
1970-07-01,0.005229230056885692,0.005154639175257806,0.0746
1970-08-01,0.03256148749779908,0.0,0.0753
1970-09-01,0.06321654688569467,0.005128205128205201,0.0739
1970-10-01,0.024878229191894752,0.005102040816326422,0.0733
1970-11-01,0.0020511536486114146,0.005076142131979768,0.0684
1970-12-01,0.07156699889258022,0.0050505050505049425,0.0639
1971-01-01,0.04109753840458996,0.0,0.062400000000000004
1971-02-01,0.04150176489464119,0.002512562814070388,0.0611
1971-03-01,0.028309820478495284,0.002506265664160437,0.057
1971-04-01,0.03673583500669353,0.0025000000000000356,0.0583
1971-05-01,-0.011081448220064738,0.004987531172069719,0.0639
1971-06-01,-0.015961286089238746,0.007444168734491422,0.0652
1971-07-01,-0.004632412421446741,0.002463054187192153,0.0673
1971-08-01,-0.0151739646464647,0.0024570024570023173,0.0658
1971-09-01,0.024861168243521137,0.0,0.061399999999999996
1971-10-01,-0.01864241281019441,0.002450980392156898,0.0593
1971-11-01,-0.043720945969095926,0.0,0.0581
1971-12-01,0.07163002083782422,0.004889975550122319,0.0593
1972-01-01,0.04422540418809451,0.0,0.059500000000000004
1972-02-01,0.020869635366247197,0.0048661800486616965,0.0608
1972-03-01,0.02619613434727497,0.002421307506053303,0.060700000000000004
1972-04-01,0.012588981739399374,0.002415458937198102,0.061900000000000004
1972-05-01,-0.007758884803921617,0.0024096385542169015,0.0613
1972-06-01,0.005160940885174714,0.002403846153846188,0.0611
1972-07-01,-0.005036010802469071,0.004796163069544262,0.0611
1972-08-01,0.03783945118159204,0.002386634844868769,0.0621
1972-09-01,-0.012102102102102053,0.002380952380952415,0.0655
1972-10-01,0.004192055149299101,0.004750593824227927,0.06480000000000001
1972-11-01,0.05255981599756687,0.0023640661938534617,0.06280000000000001
1972-12-01,0.023132059079061795,0.0023584905660377696,0.0636
1973-01-01,0.009898347517730555,0.002352941176470622,0.0646
1973-02-01,-0.03324653012387391,0.007042253521126694,0.0664
1973-03-01,-0.013448628137769925,0.009324009324009291,0.06709999999999999
1973-04-01,-0.016320677639383163,0.006928406466512801,0.0667
1973-05-01,-0.025685003022061004,0.006880733944954063,0.06849999999999999
1973-06-01,-0.01988495024875625,0.006833712984054767,0.069
1973-07-01,0.012115672709923642,0.0022624434389138985,0.0713
1973-08-01,-0.016341107435412727,0.018058690744921092,0.07400000000000001
1973-09-01,0.019966281310211942,0.0022172949002217607,0.0709
1973-10-01,0.042382157512626195,0.008849557522123862,0.0679
1973-11-01,-0.06850081208257441,0.00657894736842099,0.0673
1973-12-01,-0.06802287581699351,0.006535947712418394,0.0674
1974-01-01,0.017021875219807248,0.008658008658008627,0.0699
1974-02-01,-0.024711268338362347,0.012875536480686725,0.0696
1974-03-01,0.045764223292313,0.01271186440677954,0.0721
1974-04-01,-0.04814928845101274,0.004184100418410101,0.0751
1974-05-01,-0.027038719446246917,0.01250000000000003,0.0758
1974-06-01,0.004590907401212041,0.00823045267489709,0.0754
1974-07-01,-0.11344062070757699,0.00816326530612242,0.0781
1974-08-01,-0.037616105577270686,0.01214574898785428,0.08039999999999999
1974-09-01,-0.10010302950589678,0.012000000000000028,0.08039999999999999
1974-10-01,0.023773402329222648,0.009881422924901186,0.079
1974-11-01,0.03743840005760357,0.00782778864970643,0.0768
1974-12-01,-0.060914413158628444,0.007766990291262109,0.07429999999999999
1975-01-01,0.08635670443814947,0.0038535645472062207,0.075
1975-02-01,0.10810211089672905,0.007677543186180395,0.0739
1975-03-01,0.04976071577195196,0.0038095238095238637,0.07730000000000001
1975-04-01,0.014883554149757394,0.003795066413662158,0.0823
1975-05-01,0.06713946923197978,0.005671077504725979,0.0806
1975-06-01,0.02895856455789869,0.007518796992481176,0.0786
1975-07-01,0.004319985569985585,0.011194029850746294,0.0806
1975-08-01,-0.0699625184704653,0.0018450184501843968,0.084
1975-09-01,-0.008526815229650264,0.005524861878453117,0.0843
1975-10-01,0.04970276760757453,0.005494505494505442,0.0814
1975-11-01,0.020407587219148704,0.007285974499089227,0.0805
1975-12-01,-0.011805632656082143,0.0036166365280289846,0.08
1976-01-01,0.09545596580232996,0.0018018018018018274,0.0774
1976-02-01,0.041784250464588,0.003597122302158197,0.0779
1976-03-01,0.00802683896620282,0.0017921146953405274,0.07730000000000001
1976-04-01,0.01097373062973972,0.003577817531305954,0.0756
1976-05-01,-0.003813649002289754,0.007130124777183575,0.079
1976-06-01,0.009025032938076327,0.005309734513274286,0.0786
1976-07-01,0.026678127046496414,0.005281690140845146,0.0783
1976-08-01,-0.00558221369161882,0.005253940455341456,0.07769999999999999
1976-09-01,0.024403033236527927,0.0034843205574913386,0.0759
1976-10-01,-0.031029486571879872,0.005208333333333284,0.0741
1976-11-01,-0.0036119316323192097,0.001727115716753047,0.0729
1976-12-01,0.037919960474308345,0.0034482758620690145,0.0687
1977-01-01,-0.0053353470232410105,0.005154639175257683,0.0721
1977-02-01,-0.023648578998073266,0.01025641025641028,0.0739
1977-03-01,-0.0005033003300330963,0.006768189509306236,0.0746
1977-04-01,-0.011889769715043075,0.008403361344537815,0.0737
1977-05-01,0.0006926888776712659,0.004999999999999952,0.0746
1977-06-01,0.00904549750236261,0.006633499170812698,0.0728
1977-07-01,0.012863556249370411,0.004942339373970299,0.0733
1977-08-01,-0.02074739687292082,0.0032786885245902103,0.07400000000000001
1977-09-01,-0.011713554987212271,0.0032679738562090806,0.07339999999999999
1977-10-01,-0.021929517821885125,0.0032573289902280596,0.07519999999999999
1977-11-01,0.009861789702012791,0.004870129870129824,0.0758
1977-12-01,-0.0007513081600906135,0.0032310177705977845,0.07690000000000001
1978-01-01,-0.033865087401406924,0.006441223832528157,0.0796
1978-02-01,-0.00967989843028616,0.006399999999999977,0.0803
1978-03-01,0.0026972353337828547,0.00794912559618442,0.08039999999999999
1978-04-01,0.04833433723635827,0.007886435331230283,0.0815
1978-05-01,0.05507616042857655,0.00938967136150237,0.08349999999999999
1978-06-01,0.006766930157752427,0.010852713178294617,0.08460000000000001
1978-07-01,-0.0005916188818348989,0.007668711656441718,0.0864
1978-08-01,0.07331286655005664,0.004566210045662057,0.08410000000000001
1978-09-01,0.004026307346807867,0.007575757575757576,0.0842
1978-10-01,-0.02772163137632344,0.009022556390977357,0.0864
1978-11-01,-0.05436271537442017,0.004470938897168575,0.08810000000000001
1978-12-01,0.019242952169781447,0.0044510385756676134,0.0901
1979-01-01,0.041890654805257777,0.00886262924667643,0.091
1979-02-01,-0.010533321632734904,0.011713030746705669,0.091
1979-03-01,0.023448369473005437,0.010130246020260534,0.09119999999999999
1979-04-01,0.024347877122877115,0.011461318051575891,0.09179999999999999
1979-05-01,-0.018892156382631198,0.01274787535410773,0.0925
1979-06-01,0.024215381530131364,0.011188811188811149,0.0891
1979-07-01,0.01425489183874129,0.011065006915629283,0.0895
1979-08-01,0.050189329763064006,0.009575923392612899,0.09029999999999999
1979-09-01,0.015448479205462329,0.010840108401083973,0.0933
1979-10-01,-0.03348935696746469,0.008042895442359364,0.10300000000000001
1979-11-01,-0.003187137161084541,0.00930851063829791,0.1065
1979-12-01,0.04407746705239468,0.010540184453227894,0.1039
1980-01-01,0.03316326530612246,0.014341590612776978,0.10800000000000001
1980-02-01,0.04399609257589421,0.014138817480719905,0.1241
1980-03-01,-0.08774212200057818,0.015209125475285025,0.1275
1980-04-01,-0.011583357211079282,0.011235955056179848,0.11470000000000001
1980-05-01,0.05039913430420717,0.009876543209876508,0.1018
1980-06-01,0.06866295264623945,0.011002444987775131,0.0978
1980-07-01,0.049726098022105925,0.0,0.1025
1980-08-01,0.03507698247078461,0.007255139056831853,0.111
1980-09-01,0.02838731443994602,0.00840336134453785,0.1151
1980-10-01,0.033267457180500504,0.00952380952380949,0.1175
1980-11-01,0.046166154633896506,0.00825471698113211,0.1268
1980-12-01,-0.012429378531073398,0.009356725146198798,0.1284
1981-01-01,0.0001248439450687311,0.008111239860950206,0.1257
1981-02-01,-0.03067669172932319,0.010344827586206962,0.1319
1981-03-01,0.04145898234683276,0.006825938566552836,0.13119999999999998
1981-04-01,0.012960879629629662,0.006779661016949088,0.1368
1981-05-01,-0.016149968998015907,0.007856341189674555,0.141
1981-06-01,0.008599088838268987,0.008908685968819567,0.13470000000000001
1981-07-01,-0.020135216679264434,0.011037527593818985,0.14279999999999998
1981-08-01,0.008053621223857554,0.007641921397379944,0.1494
1981-09-01,-0.0829989711934156,0.009750812567714038,0.1532
1981-10-01,0.01729830233868701,0.0021459227467811462,0.1515
1981-11-01,0.030462806065665093,0.0032119914346894767,0.13390000000000002
1981-12-01,0.011818551668022703,0.0032017075773745694,0.13720000000000002
1982-01-01,-0.04802100161550882,0.0031914893617020976,0.1459
1982-02-01,-0.01911764705882346,0.003181336161187669,0.14429999999999998
1982-03-01,-0.027423580786026247,-0.0010570824524312296,0.1386
1982-04-01,0.054715703971119245,0.004232804232804293,0.1387
1982-05-01,0.00571797076526237,0.009483667017913503,0.1362
1982-06-01,-0.052684707903780104,0.012526096033402953,0.14300000000000002
1982-07-01,0.0024485946520815816,0.005154639175257732,0.13949999999999999
1982-08-01,0.007949931444241276,0.0020512820512820803,0.1306
1982-09-01,0.12097386812518995,0.002047082906857757,0.1234
1982-10-01,0.08881853894335512,0.0030643513789580914,0.1091
1982-11-01,0.045003347148957706,-0.002036659877800436,0.10550000000000001
1982-12-01,0.01355901520637226,-0.004081632653061282,0.1054
1983-01-01,0.03926550095648018,0.0020491803278688816,0.10460000000000001
1983-02-01,0.02130784823284837,0.0010224948875256496,0.1072
1983-03-01,0.03866371480472286,0.0,0.1051
1983-04-01,0.04197937239411864,0.007150153217568831,0.10400000000000001
1983-05-01,0.04424540266328458,0.006085192697768849,0.1038
1983-06-01,0.01754011781434106,0.003024193548387068,0.1085
1983-07-01,0.007091346153846212,0.00402010050251262,0.11380000000000001
1983-08-01,-0.024061876247504888,0.0030030030030029744,0.1185
1983-09-01,0.03314860426929389,0.00499001996007984,0.1165
1983-10-01,0.006494218500797455,0.002979145978152901,0.11539999999999999
1983-11-01,-0.011399324190021876,0.0019801980198020084,0.11689999999999999
1983-12-01,-0.0012661420500402754,0.0009881422924900623,0.1183
1984-01-01,0.015774533657745282,0.005923000987166915,0.1167
1984-02-01,-0.05110677083333326,0.004906771344455348,0.1184
1984-03-01,0.004439499894045351,0.001953124999999889,0.1232
1984-04-01,0.005094943879711877,0.004873294346978558,0.1263
1984-05-01,-0.002502818316412858,0.0029097963142581122,0.1341
1984-06-01,-0.01845998297147733,0.002901353965183725,0.1356
1984-07-01,-0.00907177770520362,0.0038572806171648165,0.1336
1984-08-01,0.09207846348996251,0.0038424591738713326,0.1272
1984-09-01,0.014081508515815022,0.004784688995215311,0.1252
1984-10-01,-0.00409893638370451,0.0028571428571428303,0.1216
1984-11-01,0.012884304207119834,0.0,0.1157
1984-12-01,-0.007050511124473968,0.0,0.115
1985-01-01,0.046997634245187436,0.001899335232668593,0.11380000000000001
1985-02-01,0.057894653263403484,0.004739336492890996,0.1151
1985-03-01,-0.004763220932375245,0.003773584905660431,0.1186
1985-04-01,0.010259508547008522,0.004699248120300752,0.1143
1985-05-01,0.027368646179402045,0.003741814780168302,0.1085
1985-06-01,0.025121687398593995,0.0027958993476234592,0.1016
1985-07-01,0.02248691106405487,0.0018587360594795805,0.10310000000000001
1985-08-01,-0.01843867099567098,0.0018552875695733103,0.1033
1985-09-01,-0.01883519206939288,0.0027777777777777514,0.10369999999999999
1985-10-01,0.014964693101575222,0.003693444136657486,0.1024
1985-11-01,0.06421410669530969,0.002759889604415797,0.0978
1985-12-01,0.05295358649789028,0.0027522935779816255,0.0926
1986-01-01,0.007533365492844446,0.0027447392497712457,0.0919
1986-02-01,0.056988472622478525,-0.002737226277372237,0.087
1986-03-01,0.06184290489213007,-0.004574565416285453,0.07780000000000001
1986-04-01,0.027423830535227456,-0.0018382352941176733,0.073
1986-05-01,0.004927636554621806,0.002762430939226624,0.0771
1986-06-01,0.03134171907756822,0.005509641873278184,0.078
1986-07-01,-0.01802441568147861,0.0,0.073
1986-08-01,0.022823574104912536,0.0018264840182648661,0.0717
1986-09-01,-0.02454761904761904,0.004557885141294439,0.0745
1986-10-01,-0.0008928976080571083,0.0009074410163338867,0.07429999999999999
1986-11-01,0.035335344706543204,0.0009066183136900138,0.0725
1986-12-01,0.017095063239494168,0.0009057971014492239,0.0711
1987-01-01,0.06674041297935096,0.006334841628959302,0.0708
1987-02-01,0.06462507876496515,0.003597122302158197,0.0725
1987-03-01,0.04377002491990045,0.004480286738351255,0.0725
1987-04-01,-0.008547008547008517,0.005352363960749408,0.0802
1987-05-01,0.0017455928102316776,0.0035492457852705542,0.0861
1987-06-01,0.0450017295053613,0.0035366931918656562,0.084
1987-07-01,0.03123387248396381,0.0026431718061673756,0.08449999999999999
1987-08-01,0.06455265237020313,0.00527240773286475,0.0876
1987-09-01,-0.030292450920866076,0.005244755244755195,0.0942
1987-10-01,-0.11852578182198503,0.0026086956521738885,0.09519999999999999
1987-11-01,-0.12301927194860818,0.0008673026886384088,0.0886
1987-12-01,-0.0133299319727892,0.0,0.08990000000000001
1988-01-01,0.04248155947441212,0.0025996533795493684,0.0867
1988-02-01,0.0333011743180307,0.0025929127052722314,0.0821
1988-03-01,0.03233565801368976,0.004310344827586207,0.0837
1988-04-01,-0.00883097164722113,0.00515021459227463,0.0872
1988-05-01,-0.02185304963188628,0.0034158838599488103,0.0909
1988-06-01,0.06001236496160334,0.00425531914893617,0.0892
1988-07-01,-0.0030456009112177496,0.00423728813559322,0.0906
1988-08-01,-0.01716111420785338,0.004219409282700422,0.0926
1988-09-01,0.019295917077487124,0.006722689075630228,0.0898
1988-10-01,0.03804415422885565,0.0033388981636060574,0.08800000000000001
1988-11-01,-0.02017543859649107,0.0008319467554076066,0.08960000000000001
1988-12-01,0.02329335793357923,0.0016625103906899655,0.0911
1989-01-01,0.035145669077757624,0.004979253112033148,0.0909
1989-02-01,0.03302285388927828,0.004128819157720892,0.0917
1989-03-01,-0.0015844671201815652,0.005756578947368445,0.09359999999999999
1989-04-01,0.03566982689898657,0.006541291905151244,0.09179999999999999
1989-05-01,0.04118240710111354,0.005686433793663711,0.0886
1989-06-01,0.033973133694382485,0.0024232633279482807,0.0828
1989-07-01,0.028015472144990117,0.002417405318291792,0.0802
1989-08-01,0.04693851059556109,0.0016077170418005516,0.08109999999999999
1989-09-01,0.004599442200422965,0.0032102728731942675,0.0819
1989-10-01,0.0028785632018426544,0.0047999999999999545,0.0801
1989-11-01,-0.018105138169257295,0.0023885350318472243,0.0787
1989-12-01,0.02740054869684516,0.0015885623510721893,0.0784
1990-01-01,-0.022093134442532025,0.010309278350515554,0.0821
1990-02-01,-0.025249776941102753,0.004709576138147522,0.08470000000000001
1990-03-01,0.02709436626822015,0.005468749999999911,0.0859
1990-04-01,0.0019885904784415764,0.0015540015540016867,0.08789999999999999
1990-05-01,0.038537982731090104,0.0023273855702093324,0.0876
1990-06-01,0.031724958363074096,0.005417956656346882,0.0848
1990-07-01,0.0017126585088376167,0.0038491147036181675,0.08470000000000001
1990-08-01,-0.07859916766195396,0.009202453987729974,0.0875
1990-09-01,-0.04339884101788849,0.00835866261398172,0.0889
1990-10-01,-0.023132140177335336,0.006028636021100312,0.0872
1990-11-01,0.029861644742554594,0.0022471910112360403,0.0839
1990-12-01,0.04588632687367178,0.0,0.0808
1991-01-01,-0.006847477820025261,0.0059790732436471065,0.0809
1991-02-01,0.1160694388972523,0.0014858841010402456,0.0785
1991-03-01,0.03044544434016072,0.0014836795252224674,0.08109999999999999
1991-04-01,0.022592761720568788,0.0014814814814813973,0.08039999999999999
1991-05-01,-0.0017865922180081428,0.002958579881656847,0.08070000000000001
1991-06-01,0.003472314082383132,0.0029498525073746733,0.0828
1991-07-01,0.007814397243737004,0.0014705882352940341,0.0827
1991-08-01,0.026798845435657137,0.002936857562408265,0.079
1991-09-01,-0.003021742852251319,0.0043923865300146,0.0765
1991-10-01,0.0018107136707989913,0.0014577259475219903,0.0753
1991-11-01,0.0001522220499035054,0.002911208151382865,0.0742
1991-12-01,0.009345632946379023,0.0007256894049346466,0.0709
1992-01-01,0.07358883941211292,0.0014503263234226875,0.0703
1992-02-01,-0.006000448631673372,0.003620564808110065,0.07339999999999999
1992-03-01,-0.010115700342576472,0.005050505050505174,0.0754
1992-04-01,0.0026430348258705827,0.0014357501794686907,0.0748
1992-05-01,0.020683504741333403,0.00143369175627232,0.0739
1992-06-01,-0.013291225701727027,0.003579098067287044,0.0726
1992-07-01,0.019126088944407815,0.002139800285306786,0.0684
1992-08-01,0.009421896960205567,0.002846975088968012,0.0659
1992-09-01,0.0037885132278931977,0.00283889283179564,0.0642
1992-10-01,-0.011823205410055548,0.003538570417551309,0.0659
1992-11-01,0.027568343434343445,0.001410437235542938,0.0687
1992-12-01,0.032713319458897105,-0.000704225352112636,0.0677
1993-01-01,0.001433389189851031,0.004933051444679272,0.066
1993-02-01,0.01724886841440143,0.003506311360448808,0.0626
1993-03-01,0.02150781073126562,0.0034940600978336828,0.059800000000000006
1993-04-01,-0.01341498948522013,0.0027855153203343017,0.059699999999999996
1993-05-01,0.007249763022479039,0.00138888888888881,0.0604
1993-06-01,0.008654314055773993,0.0013869625520112141,0.0596
1993-07-01,0.0006100373461888076,0.0,0.0581
1993-08-01,0.01762465812634595,0.0027700831024931143,0.056799999999999996
1993-09-01,0.013549717775380055,0.0020718232044197715,0.0536
1993-10-01,0.012422698371221896,0.004135079255685695,0.0533
1993-11-01,7.90400229935262e-05,0.0006863417982156674,0.0572
1993-12-01,0.008875398762845155,0.0,0.057699999999999994
1994-01-01,0.017366545051328952,0.00274348422496555,0.0575
1994-02-01,-0.0007493639752778058,0.0034199726402188786,0.059699999999999996
1994-03-01,-0.014230529991376417,0.003408316291751875,0.06480000000000001
1994-04-01,-0.033455994911709475,0.001358695652174029,0.0697
1994-05-01,0.010590505258293526,0.0006784260515603414,0.0718
1994-06-01,0.01108893324462179,0.003389830508474576,0.071
1994-07-01,-0.005183255282193433,0.002702702702702741,0.073
1994-08-01,0.03082631812140013,0.00404312668463608,0.0724
1994-09-01,0.008178241139640274,0.0026845637583892998,0.0746
1994-10-01,-0.004423415995659763,0.0006693440428379807,0.0774
1994-11-01,-0.00368385402068383,0.0013377926421403923,0.0796
1994-12-01,-0.010243812498644256,0.0,0.0781
1995-01-01,0.02451357308669655,0.004008016032064281,0.07780000000000001
1995-02-01,0.03819093677234475,0.003992015968063834,0.0747
1995-03-01,0.025579971779548405,0.0033134526176275677,0.07200000000000001
1995-04-01,0.032167917131366464,0.0033025099075297223,0.0706
1995-05-01,0.03348800312391287,0.001974983541803706,0.0663
1995-06-01,0.03179269837027432,0.0019710906701709027,0.0617
1995-07-01,0.03548716047093725,0.0,0.06280000000000001
1995-08-01,0.005141707184336042,0.0026229508196721684,0.0649
1995-09-01,0.037187077080836684,0.0019620667102680377,0.062
1995-10-01,0.009135753408089586,0.003263707571801567,0.0604
1995-11-01,0.023593860792790355,-0.0006506180871827868,0.0593
1995-12-01,0.03390117486384692,-0.0006510416666666297,0.0571
1996-01-01,0.0016398050669572672,0.005863192182410461,0.0565
1996-02-01,0.059057959810336014,0.003238341968911917,0.0581
1996-03-01,-0.00199371863164699,0.005164622336991497,0.06269999999999999
1996-04-01,0.0019777226575175,0.003853564547206312,0.06509999999999999
1996-05-01,0.02355554439585683,0.0019193857965449964,0.0674
1996-06-01,0.012793077547399001,0.0006385696040868092,0.0691
1996-07-01,-0.03474943904263261,0.0019144862795150695,0.0687
1996-08-01,0.030774346473726677,0.0019108280254777794,0.0664
1996-09-01,0.02025361662743208,0.0031786395422759056,0.0683
1996-10-01,0.04120485617196157,0.0031685678073510772,0.0653
1996-11-01,0.05053032247027622,0.0018951358180668537,0.062
1996-12-01,0.011991336695348132,0.0,0.063
1997-01-01,0.03258137683596818,0.0031525851197982345,0.0658
1997-02-01,0.043617444511149905,0.0031426775612822125,0.0642
1997-03-01,-0.006231290472075046,0.002506265664160437,0.0669
1997-04-01,-0.034048961068470995,0.001249999999999929,0.0689
1997-05-01,0.09218195166223775,-0.0006242197253432854,0.06709999999999999
1997-06-01,0.05337158450267476,0.0012492192379763714,0.0649
1997-07-01,0.05736463765800526,0.0012476606363068536,0.0622
1997-08-01,0.0034829891169256832,0.0018691588785047437,0.063
1997-09-01,0.011925175790518106,0.002487562189054585,0.0621
1997-10-01,0.01645880023905577,0.0024813895781638073,0.0603
1997-11-01,-0.011515474087780642,-0.0006188118811880837,0.0588
1997-12-01,0.02635119783013118,-0.0012383900928791866,0.0581
1998-01-01,0.002375212582825137,0.0018598884066954925,0.0554
1998-02-01,0.06402590931738916,0.0018564356435644268,0.0557
1998-03-01,0.05313198012516196,0.0018529956763433165,0.0565
1998-04-01,0.034065265640816245,0.0018495684340321295,0.0564
1998-05-01,-0.002211083138524139,0.0018461538461539161,0.0565
1998-06-01,0.0011720887990713802,0.0012285012285011586,0.055
1998-07-01,0.04468167792924849,0.001226993865030605,0.0546
1998-08-01,-0.0697052733057808,0.0012254901960785359,0.053399999999999996
1998-09-01,-0.048980104595112595,0.0012239902080782657,0.0481
1998-10-01,0.012910747178241033,0.0024449877750611594,0.0453
1998-11-01,0.1097451822651827,0.0,0.0483
1998-12-01,0.04104226558199264,-0.0006097560975609409,0.04650000000000001
1999-01-01,0.05048270614189887,0.002440512507626636,0.0472
1999-02-01,-0.0006615398438730713,0.001217285453438762,0.05
1999-03-01,0.029240669137426734,0.00303951367781155,0.052300000000000006
1999-04-01,0.04250022106746987,0.007272727272727204,0.0518
1999-05-01,-0.0009883175002747269,0.0,0.0554
1999-06-01,-0.006117671493740207,0.0,0.059000000000000004
1999-07-01,0.0452278636808523,0.0030084235860409147,0.0579
1999-08-01,-0.03774003512777868,0.002399520095980838,0.0594
1999-09-01,-0.005976190655547775,0.004787552363854048,0.0592
1999-10-01,-0.012723658135479043,0.0017867778439546334,0.0611
1999-11-01,0.0710605644913842,0.0005945303210465086,0.0603
1999-12-01,0.0280883057752217,0.0,0.06280000000000001
2000-01-01,-0.001187965270195046,0.0029708853238265003,0.0666
2000-02-01,-0.02477940907117593,0.005924170616113744,0.0652
2000-03-01,0.03941093598872958,0.008244994110718358,0.0626
2000-04-01,0.014245498228413256,0.0005841121495328432,0.0599
2000-05-01,-0.02838908049123179,0.0011675423234091572,0.0644
2000-06-01,0.03163362660500435,0.0052478134110787505,0.061
2000-07-01,0.00849677449755415,0.002320185614849221,0.0605
2000-08-01,0.009390510673606522,0.0,0.0583
2000-09-01,-0.010803050906789902,0.005208333333333201,0.057999999999999996
2000-10-01,-0.05214381132946566,0.001727115716753088,0.0574
2000-11-01,-0.007727239302836031,0.0005747126436781283,0.0572
2000-12-01,-0.03320235019786555,-0.0005743825387707887,0.0524
2001-01-01,0.004543815226946579,0.006321839080459737,0.0516
2001-02-01,-0.021368817212351843,0.0039977155910909026,0.051
2001-03-01,-0.09080541195992087,0.0022753128555175043,0.0489
2001-04-01,0.004480377413294656,0.0039727582292850006,0.051399999999999994
2001-05-01,0.06878679299551016,0.004522328999434612,0.053899999999999997
2001-06-01,-0.023892645449750782,0.0016882386043894845,0.0528
2001-07-01,-0.026601150480024427,-0.0028089887640449437,0.0524
2001-08-01,-0.020457239588378306,0.0,0.049699999999999994
2001-09-01,-0.11247206901428353,0.004507042253521191,0.0473
2001-10-01,0.03184031500485007,-0.003365114974761765,0.045700000000000005
2001-11-01,0.050531461992649795,-0.0016882386043893245,0.04650000000000001
2001-12-01,0.014660493827160614,-0.003945885005637075,0.0509
2002-01-01,-0.002977134943718096,0.0022637238256932976,0.0504
2002-02-01,-0.033527936861533214,0.00395256916996057,0.049100000000000005
2002-03-01,0.049452454716975236,0.00562429696287964,0.0528
2002-04-01,-0.03513685814191103,0.005592841163310961,0.0521
2002-05-01,-0.028195969570426693,0.0,0.0516
2002-06-01,-0.0592016060535866,0.0005561735261401241,0.0493
2002-07-01,-0.10759156624129695,0.001111728738187819,0.04650000000000001
2002-08-01,0.011380530255240995,0.0033314825097167924,0.0426
2002-09-01,-0.047584607236133114,0.0016602102933038815,0.0387
2002-10-01,-0.013661784645640496,0.0016574585635359745,0.0394
2002-11-01,0.06626454333064213,0.0,0.0405
2002-12-01,-0.010342370658548816,-0.0022062879205736663,0.0403
2003-01-01,-0.0022205416787145493,0.004422332780541641,0.0405
2003-02-01,-0.06414370869798192,0.007705008255366019,0.039
2003-03-01,0.013083959555412195,0.0060076460950300075,0.0381
2003-04-01,0.052856947873070714,-0.002171552660151885,0.039599999999999996
2003-05-01,0.05312055648561165,-0.0016322089227421728,0.035699999999999996
2003-06-01,0.05704036497286191,0.0010899182561307282,0.0333
2003-07-01,0.005970816464237361,0.0010887316276538763,0.0398
2003-08-01,-0.001651486757880516,0.0038064165307231572,0.044500000000000005
2003-09-01,0.03162359908239276,0.003250270855904628,0.042699999999999995
2003-10-01,0.02030008850174836,-0.0010799136069113858,0.0429
2003-11-01,0.01212725582629215,-0.002702702702702703,0.043
2003-12-01,0.030659269136743328,-0.0010840108401083395,0.042699999999999995
2004-01-01,0.04936580791629641,0.0048833423765598325,0.0415
2004-02-01,0.010882074194421776,0.005399568034557236,0.0408
2004-03-01,-0.015636661535590846,0.006444683136412552,0.0383
2004-04-01,0.009695704352192802,0.0032017075773745694,0.0435
2004-05-01,-0.025628318549367424,0.0058510638297872035,0.0472
2004-06-01,0.028591378153394187,0.0031729243786356126,0.0473
2004-07-01,-0.022374063742049866,-0.0015814443858723404,0.045
2004-08-01,-0.013861634840971915,0.0005279831045406246,0.042800000000000005
2004-09-01,0.02784052993430919,0.0021108179419525364,0.041299999999999996
2004-10-01,0.0010329120165741834,0.0052659294365455505,0.040999999999999995
2004-11-01,0.047745922630680226,0.0005238344683079849,0.04190000000000001
2004-12-01,0.02728112649066672,-0.003664921465968527,0.042300000000000004
2005-01-01,-0.013473916624740956,0.0021019442984759706,0.042199999999999994
2005-02-01,0.016830642104678883,0.005768222338752086,0.0417
2005-03-01,-0.002537587978515665,0.007820646506777893,0.045
2005-04-01,-0.024072911726690238,0.006725297465080098,0.0434
2005-05-01,0.013375404465894913,-0.0010277492291880198,0.0414
2005-06-01,0.0218234771587964,0.0005144032921810407,0.04
2005-07-01,0.018090386081652587,0.004627249357326508,0.0418
2005-08-01,0.003112454727931091,0.005117707267144319,0.0426
2005-09-01,0.0028091570214632267,0.012219959266802473,0.042
2005-10-01,-0.0262252022970505,0.0020120724346075316,0.0446
2005-11-01,0.03963290155150623,-0.008032128514056196,0.0454
2005-12-01,0.02145814644501387,-0.004048582995951331,0.0447
2006-01-01,0.014680027432885767,0.007621951219512195,0.044199999999999996
2006-02-01,-0.0001542328890555833,0.002017145738779512,0.045700000000000005
2006-03-01,0.014873562318045819,0.005535983895319692,0.0472
2006-04-01,0.007997485326778797,0.00850850850850845,0.0499
2006-05-01,-0.007852277352419557,0.004962779156327543,0.051100000000000007
2006-06-01,-0.027043718007353834,0.001975308641975337,0.051100000000000007
2006-07-01,0.007215036002031994,0.002957121734844723,0.0509
2006-08-01,0.02293213990985854,0.0019656019656019937,0.048799999999999996
2006-09-01,0.025325978583174757,-0.004904364884747425,0.0472
2006-10-01,0.03617557333009547,-0.005421389847215349,0.0473
2006-11-01,0.0200323216320224,-0.001486620416253773,0.046
2006-12-01,0.02149825248684567,0.0014888337468983194,0.045599999999999995
2007-01-01,0.006940228024016726,0.003052527254707559,0.047599999999999996
2007-02-01,0.015972378259621056,0.0053503675598766814,0.0472
2007-03-01,-0.024727182539682424,0.009105695851085307,0.045599999999999995
2007-04-01,0.04181602441846244,0.006496162686509034,0.046900000000000004
2007-05-01,0.03393043674977769,0.006110718674704649,0.0475
2007-06-01,0.003461514706336377,0.001937975176605762,0.051
2007-07-01,0.005761055966116091,-0.0002543772078021678,0.05
2007-08-01,-0.041996282438247046,-0.0018339022270870478,0.0467
2007-09-01,0.030762902567909922,0.0027559074053589054,0.0452
2007-10-01,0.0299302438459621,0.0021391913281212428,0.0453
2007-11-01,-0.0480495693854488,0.005939617873415713,0.0415
2007-12-01,0.012396444784598115,-0.0006708631296478261,0.040999999999999995
2008-01-01,-0.06634126994857659,0.00497057647260475,0.0374
2008-02-01,-0.015628173141083335,0.0029041121849535697,0.0374
2008-03-01,-0.02625467141989013,0.00866821293098959,0.0351
2008-04-01,0.04244667351756504,0.006064778389719456,0.0368
2008-05-01,0.0256343525295053,0.008420886031756364,0.0388
2008-06-01,-0.04245770442268504,0.010076996934894165,0.040999999999999995
2008-07-01,-0.06078181629905777,0.005251011128121934,0.0401
2008-08-01,0.02110844231647846,-0.003991562255641768,0.038900000000000004
2008-09-01,-0.04847232735322193,-0.0013830185406645138,0.0369
2008-10-01,-0.20194635039328745,-0.010101333284578691,0.0381
2008-11-01,-0.08606666896045512,-0.019152895328595883,0.0353
2008-12-01,-0.003526642809687841,-0.010342473814287408,0.0242
2009-01-01,-0.010991334558953736,0.004352417375420934,0.0252
2009-02-01,-0.06706132817815158,0.0049729330359046305,0.0287
2009-03-01,-0.056913345669353355,0.002431748455415547,0.0282
2009-04-01,0.12315623179345403,0.0024963682777879915,0.029300000000000003
2009-05-01,0.06654352283073606,0.002888763834177384,0.0329
2009-06-01,0.028637204818209083,0.008589892263953396,0.037200000000000004
2009-07-01,0.012725732686428959,-0.0015855869221533055,0.0356
2009-08-01,0.0811572857078402,0.0022428500448105843,0.0359
2009-09-01,0.03645694063429472,0.0006254806934958853,0.034
2009-10-01,0.02399145831006444,0.0009631011858183277,0.0339
2009-11-01,0.020904491026065175,0.0007077533687673528,0.034
2009-12-01,0.022220537281608888,-0.0017611981694633208,0.0359
2010-01-01,0.013556920453658305,0.003417473570148505,0.0373
2010-02-01,-0.028997341829983814,0.00024920738207646074,0.0369
2010-03-01,0.059417349149803345,0.004106283536571236,0.0373
2010-04-01,0.04088267773871701,0.0017368849106974003,0.0385
2010-05-01,-0.058820718122325144,0.0007751973542377203,0.0342
2010-06-01,-0.035432184357575114,-0.0009762670846739537,0.032
2010-07-01,-0.0015827815520438326,0.00021104305737156088,0.0301
2010-08-01,0.00864409046942849,0.0013806642784080442,0.027000000000000003
2010-09-01,0.033719465087189926,0.0005817362307155865,0.0265
2010-10-01,0.04578377259692323,0.001245198888476965,0.0254
2010-11-01,0.024918154211501786,0.00042064642381949024,0.0276
2010-12-01,0.03714616575888252,0.001718440789203095,0.0329
2011-01-01,0.03463759322055138,0.0047632300539741995,0.0339
2011-02-01,0.031523799375930084,0.004931365025451402,0.0358
2011-03-01,-0.011109891607121058,0.009751072030509449,0.0341
2011-04-01,0.02222920664610517,0.006439429535457105,0.0346
2011-05-01,0.006611332664084868,0.004704187527233567,0.0317
2011-06-01,-0.03660711394719207,-0.001070967056699254,0.03
2011-07-01,0.031035482810141346,0.0008860456667936161,0.03
2011-08-01,-0.1039888619745094,0.0027575889023644905,0.023
2011-09-01,-0.00787276464947273,0.001518462115694553,0.019799999999999998
2011-10-01,0.030218638664561537,-0.00206268263335824,0.0215
2011-11-01,0.017699986562331516,-0.0008435613304419754,0.020099999999999996
2011-12-01,0.015575822312095422,-0.0024665163771382787,0.019799999999999998
2012-01-01,0.04784613418553185,0.004400191428267552,0.0197
2012-02-01,0.04164573583409803,0.004402973551276196,0.0197
2012-03-01,0.0288572681991488,0.0075945586239309195,0.0217
2012-04-01,-0.00036270830733997617,0.0030210295040804043,0.020499999999999997
2012-05-01,-0.03089008781146141,-0.0011734793663211866,0.018000000000000002
2012-06-01,-0.011504022307216366,-0.0014663968844504888,0.016200000000000003
2012-07-01,0.029237523632980933,-0.0016297858618255136,0.015300000000000001
2012-08-01,0.033902951621259225,0.0055651581814371515,0.0168
2012-09-01,0.030236797415891914,0.004462212267611284,0.0172
2012-10-01,-0.002139401945071895,-0.0003889251405532391,0.0175
2012-11-01,-0.028342869374778812,-0.0047380866948819305,0.0165
2012-12-01,0.02178841791501429,-0.0026930644902072552,0.0172
2013-01-01,0.04270441018045257,0.002957304192925998,0.0191
2013-02-01,0.023346355339397773,0.008190029529268698,0.019799999999999998
2013-03-01,0.027240336527122988,0.00261450858437497,0.0196
2013-04-01,0.014558691510710764,-0.0010396394770870773,0.0176
2013-05-01,0.04576321243889825,0.0017804077735871229,0.019299999999999998
2013-06-01,-0.01115810079032098,0.002399708085599594,0.023
2013-07-01,0.032564162227425086,0.00039399753323289094,0.0258
2013-08-01,0.002544093401837033,0.001202931557047235,0.0274
2013-09-01,0.01194346811648872,0.0011630044852635846,0.0281
2013-10-01,0.021185212844915036,-0.002575283259804691,0.0262
2013-11-01,0.0386094686978975,-0.0020424241905235107,0.027200000000000002
2013-12-01,0.015225805607574472,-8.581149788252325e-05,0.028999999999999998
2014-01-01,0.009697130058844428,0.0037202476732360584,0.0286
2014-02-01,-0.0012814579873229315,0.0036979086509687626,0.0271
2014-03-01,0.027241649422504066,0.006440044126228274,0.027200000000000002
2014-04-01,0.0020343817673602604,0.0032967544531577165,0.0271
2014-05-01,0.015337482730711116,0.003492609840048605,0.0256
2014-06-01,0.03198008223222937,0.0018621269440940883,0.026000000000000002
2014-07-01,0.014974055299618039,-0.00039019396416084935,0.0254
2014-08-01,-0.004253881371108048,-0.0016705141657922188,0.0242
2014-09-01,0.017796057159462197,0.0007525688243109246,0.0253
2014-10-01,-0.02645259759842622,-0.0025122778125538825,0.023
2014-11-01,0.057070143954006225,-0.0053994179410611935,0.0233
2014-12-01,0.006351783830667035,-0.0056701009100109615,0.022099999999999998
2015-01-01,-0.011081930699361697,-0.004705892373473324,0.018799999999999997
2015-02-01,0.028292744124179148,0.004343044923772137,0.019799999999999998
2015-03-01,0.0005719111196489379,0.005951721611097346,0.0204
2015-04-01,0.008796516649919983,0.0020328732545876857,0.0194
2015-05-01,0.009801370974671153,0.005097232025494686,0.022000000000000002
2015-06-01,-0.004342768576127476,0.003502869998528199,0.0236
2015-07-01,-0.0007861123416859073,6.704715929563243e-05,0.0232
2015-08-01,-0.02423376130005106,-0.0014162762828194536,0.0217
2015-09-01,-0.04506046953972542,-0.0015567565753034178,0.0217
2015-10-01,0.043183764969550786,-0.0004496837504465289,0.0207
2015-11-01,0.02933677179038474,-0.0021106803790814804,0.0226
2015-12-01,-0.011017949777790581,-0.0034170964371187137,0.022400000000000003
2016-01-01,-0.0641895912308944,0.0016531022090687712,0.0209
2016-02-01,-0.005491996478913963,0.0008230765334548666,0.0178
2016-03-01,0.063634422378817,0.00430600014339282,0.0189
2016-04-01,0.028320570626265695,0.004741067979103987,0.0181
2016-05-01,-0.0030358899906101078,0.004045790998115103,0.0181
2016-06-01,0.010672702185858363,0.0032843661672819985,0.016399999999999998
2016-07-01,0.03298198721301682,-0.001618136404749914,0.015
2016-08-01,0.011999937952750894,0.0009184301078843844,0.015600000000000001
2016-09-01,-0.00437941914829898,0.0024039958646289075,0.0163
2016-10-01,-0.005051183853514107,0.0012467485130142988,0.0176
2016-11-01,0.012020290161651292,-0.0015554608673349277,0.021400000000000002
2016-12-01,0.03946823464927496,0.00032732139231739113,0.024900000000000002
2017-01-01,0.014384755042985198,0.005827727890254857,0.024300000000000002
2017-02-01,0.025772755332075237,0.003146117386416556,0.0242
2017-03-01,0.017500675991776626,0.0008127978719473039,0.0248
2017-04-01,-0.0015301825515531275,0.0029655333653266936,0.023
2017-05-01,0.016933623248605256,0.0008547218268963503,0.023
2017-06-01,0.017774020498048326,0.0009071110148611279,0.0219
2017-07-01,0.00988968273858526,-0.0006899226388520795,0.0232
2017-08-01,0.0024888055815890375,0.0029944522971085113,0.022099999999999998
2017-09-01,0.016543374236292818,0.005294905893230189,0.022000000000000002
2017-10-01,0.02735646001258729,-0.0006320421037277418,0.0236
2017-11-01,0.015903945595967528,2.432468590749414e-05,0.0235
2017-12-01,0.028843002610261292,-0.0005878322772622836,0.024
2018-01-01,0.04863013812885075,0.005447745452775345,0.0258
2018-02-01,-0.028856210321727693,0.004534689974865649,0.0286
2018-03-01,0.0006567695318082656,0.002261125904149098,0.028399999999999998
2018-04-01,-0.01662954425768126,0.003975091563348975,0.0287
2018-05-01,0.019626574415674503,0.004158916925434857,0.029759999999999998
2018-06-01,0.02113987712953458,0.0015938757015438354,0.0291
2018-07-01,0.015821034605866036,6.746326228524225e-05,0.028900000000000002
2018-08-01,0.024521472582962334,0.0005555423283572072,0.028900000000000002
2018-09-01,0.01681059922131789,0.0011620251758901843,0.03
2018-10-01,-0.038476362800850206,0.0017667634557259296,0.0315
2018-11-01,-0.020747022035857654,-0.003349348518101034,0.031200000000000002
2018-12-01,-0.05561073920797488,-0.003193962815131079,0.028300000000000002
2019-01-01,0.017369239484994914,0.001906596665246942,0.0271
2019-02-01,0.058301703150575035,0.004227053140096703,0.0268
2019-03-01,0.019492218600340117,0.005641358356805977,0.025699999999999997
2019-04-01,0.03724346261327938,0.0052950016128905505,0.0253
2019-05-01,-0.015307006245804833,0.002128758589384314,0.024
2019-06-01,0.014058558042141511,0.0001991471814816071,0.0206
2019-07-01,0.038284420971915756,0.0016709416224532942,0.0163
2019-08-01,-0.03133354571101832,-5.066823608293084e-05,0.0163
2019-09-01,0.03086322955310239,0.000783448576930058,0.017
2019-10-01,0.00010752846821771023,0.0022861905522298695,0.0171
2019-11-01,0.044346437494962476,-0.0005362430346691878,0.0181
2019-12-01,0.02470232406273931,-0.0009097695250537979,0.018600000000000002
2020-01-01,0.03347569736239442,0.0038797699378147754,0.0176
2020-02-01,0.0012321277449356405,0.002740618131495376,0.015
2020-03-01,-0.18916572657958652,-0.002176451031784644,0.0087
2020-04-01,0.043187184387533106,-0.006686941866997265,0.0066
2020-05-01,0.05887465317710361,1.9501616684005367e-05,0.0067
2020-06-01,0.0650836642585555,0.005472046927775299,0.0073
2020-07-01,0.03475692281884557,0.0050582435016698155,0.0062
2020-08-01,0.05892786080767487,0.003153210524081371,0.006500000000000001
2020-09-01,-0.0062768239816101135,0.0013927469432665931,0.0068000000000000005
2020-10-01,0.01725529955814209,0.00041493775933611535,0.0079
2020-11-01,0.03953652509627603,-0.0006106272178441089,0.0087
2020-12-01,0.042596334174088035,0.000941478467042507,0.009300000000000001
2021-01-01,0.027948145661750967,0.004253783487027512,0.0108
2021-02-01,0.024910559530026744,0.005474382793923192,0.0126
2021-03-01,0.008208959754597123,0.0070832731337495325,0.0161
2021-04-01,0.06021650665755507,0.008218909154060051,0.016399999999999998
2021-05-01,0.007603869059645829,0.00801710515476278,0.016200000000000003
2021-06-01,0.018105771885256416,0.00929066290235715,0.0152
2021-07-01,0.030691120671741734,0.004810523526293944,0.0132
2021-08-01,0.021860463235366945,0.0020659113636114675,0.0128
2021-09-01,-0.000836323339453382,0.0027159708590582744,0.0137
2021-10-01,0.004528900389607626,0.008308118552003195,0.0158
2021-11-01,0.04745455603540116,0.004913427504347536,0.015600000000000001
2021-12-01,0.002660836695107971,0.0030725171614835937,0.0147
2022-01-01,-0.020510182908596075,0.008414573783545324,0.0176
2022-02-01,-0.02901614628543392,0.009133979256476956,0.019299999999999998
2022-03-01,-0.00891598693070117,0.013351379548562685,0.0213
2022-04-01,0.0011959861300483432,0.00558253102565516,0.0275
2022-05-01,-0.07871433516612514,0.011023523999598809,0.028999999999999998
2022-06-01,-0.03367975460932493,0.01373607575881978,0.031400000000000004
2022-07-01,0.004656103025428404,-0.00011811913833765257,0.028999999999999998
2022-08-01,0.0644831580386378,-0.0003543992763504914,0.028999999999999998
2022-09-01,-0.07276536919414611,0.002150784513000937,0.0352
2022-10-01,-0.030900196717573047,0.004056494434112315,0.0398
2022-11-01,0.05286288263722905,-0.0010100264418882049,0.038900000000000004
2022-12-01,0.00011973171344270561,-0.0030700914645410723,0.0362
2023-01-01,0.013773722005842037,0.007995363834540074,0.0353
2023-02-01,0.031478763729053005,0.0055821105057323895,0.0375
2023-03-01,-0.02584548722318014,0.002775561760404134,0.0366
2023-04-01,0.03996571257449033,0.0055954255407310695,0.0346
2023-05-01,0.007380322376112192,0.002518435010202332,0.035699999999999996
2023-06-01,0.04942521686181567,0.0032289142364866352,0.0375
